id,name,is_closed,review_count,zip_code,rating
QoJkq15vmAbTurjBfcjHpw,Harbor Fitness,False,213,11215,4.5
y-P3lXM-n1-O5GL-C04e7g,SevenBell Fitness,False,67,11238,5.0
roSWwjA_rBtCBG1iXDr9Kg,NYC Fitness Club,False,47,11204,3.0
sNa_0srnUEARgcrGzbvB-g,Absolute Power Fitness,False,120,11211,4.0
5-lxpusTcL7mDzYAgzme2Q,Greys Gym,False,19,11238,4.5
kYtuZxcze6wuh__1zIlpzQ,Slope Fitness,False,35,11215,4.5
3-2icbaf06GULtxzEpUHAA,Blink Fitness - Flatbush,False,78,11226,3.5
_SF9XNqNIjXRbFprf-F4oQ,Harbor Fitness Go,False,38,11229,4.0
gTi_vPKXtMBmh3vMM7NXHw,Park Fitness Gym,False,5,11218,5.0
xdXgfMFSigdQdtO3soqMiA,Crunch Fitness - Crown Heights,False,62,11203,3.5
D9Z60ezXfDUO289h6S4OXQ,Harbor Fitness,False,107,11209,4.5
A0I9yKu_hogweqQjXEtsMg,Chalk Gyms,False,125,11211,4.5
ZCeeP48lmI3kmvDAQnoy-g,Brooklyn Athletic Club,False,57,11249,4.5
gZ8IAsOLcqO4NRaC3DrdyQ,S&S Strength Bushwick,False,6,11221,5.0
IN6u0H3B3Xs_xkkACzdBpw,Retro Fitness,False,58,11226,4.0
cqrir4Q-dYrGP9YFtyiEpg,Equinox Brooklyn Heights,False,110,11201,3.0
u4U8I7lmfUFLrrlusVP2og,Planet Fitness,False,61,11225,3.0
ObgcZNF2kCjPH8E7XvOQNg,Murder of Crows Fitness,False,30,11238,4.5
w3MVYZjVaFOaZ4fw8nTcWg,Blink Fitness - Gates,False,101,11221,2.5
F3-wEQ-QO-4NHTLzjgMUXA,Noriwich Fitness,False,1,11203,5.0
CxkahEABIT-j_MAJDdusHg,Planet Fitness,False,33,11226,3.0
PApAGrvVxxlXfmwWHY-iNA,Planet Fitness,False,38,11216,3.0
LfFtWAUNwD3zT2zOOqYuKg,The New Body Project,False,36,11217,4.5
5Q4ahsVCw-8kpgdXa-QDMg,Tabata Ultimate Fitness,False,45,11238,5.0
IT6VbQNuuzhq9ptnVmcEvg,Harbor Fitness,False,53,11234,4.5
ak4KZi4D6LTO-iMKO87Qhw,Blink Fitness - Crown Heights,False,43,11213,3.0
uE2QQ4REKWjmKKpkRTAjBA,Blink Fitness - Bed Stuy,False,57,11216,2.5
Z1r9hC46ygHkyrAmkf-gtA,Orangetheory Fitness Brooklyn - Park Slope,False,31,11217,4.5
sN629ieIZfYGxmvfeiPC6g,The Fit In,False,9,11216,5.0
gACLEAHHwz7pVZmQFDlocQ,Brooklyn Sports Club,False,30,11239,3.5
IvkwOuyqj-4kUcEKuzLdSw,Global Strongman Gym,False,11,11238,5.0
LH1Nerbn5AsvnqE-_5wCpA,Crunch Fitness - Park Slope,False,230,11238,3.0
tmMaNx42TwEW_iJtii_AZw,Brooklyn Fitness,False,8,11232,5.0
Fd32Gs_Ss-bcUzlWyJszhA,Planet Fitness,False,118,11214,3.0
zHymXZr6L83-qKbmk3cO7Q,CrossFit Sunset Park,False,3,11220,5.0
QpB1t7C8hp0xLfyOVD_mMw,Alana Life & Fitness,False,44,11209,4.5
t4P99UqsmNJJlrPOAwKbcg,Bedford-Stuyvesant Branch YMCA,False,98,11216,3.5
33Usax0hC_A6xNx4_5A90g,S&S Strength Williamsburg,False,14,11206,5.0
4s_0FKgVPyHvVY2U3UZc2g,Murder of Crows Barbell Club,False,8,11238,4.5
QH7lVXh-yWNY7dliztNxIQ,Orangetheory Fitness Brooklyn-Midwood,False,3,11223,5.0
eofVrydtoKgOkTpH2DMfsw,Harbor Fitness GO! - Bay Ridge,False,10,11209,4.0
T5PKdaAGuSB1-cAbpmgncw,MatchPoint NYC,False,100,11223,3.0
DZc-_f9rGfXHrXmZfMW8iA,Blink Fitness - Sheepshead Bay,False,67,11235,3.5
YhYVsDT_c3MyJscVp1ttPQ,Ardon Sweet Science Gym,False,11,11232,5.0
E4nca2K0V0f7pp2I-AyQxg,Crunch Fitness - Flatbush,False,70,11226,3.0
-jE2ZRK2WVH6P2Mia6IG5g,Brooklyn Body,False,10,11217,4.5
WzFLaf_59vDo-5P1Xyn3-A,Gleason's Gym,False,28,11201,4.5
JXgvm8ViGyvemBBXYFv4fQ,Planet Fitness,False,11,11212,3.5
rOL9OzTQ7-xwc6r0fkRI7g,MatchPoint,False,2,11234,5.0
cyaM9MzkPFnyaYJTSqwN3Q,Manhattan Athletic Club - Brooklyn,False,24,11201,4.0
5b9Ue4Z9uYFAzW8ECooELw,Blink Fitness - Sunset Park,False,59,11220,2.5
WpqIpFsYiV0EMFRFQNjftg,Crunch Fitness - Ft Greene,False,145,11217,3.0
Om6__LNsNfarQi-IiSeCFA,Limitless Fitness,False,25,11414,4.5
0U46pBYwbNAqL5tqiv883A,HIIT BOX,False,43,11215,5.0
i27bUBdwOOsTtJMSbCf8Uw,Blink Fitness - Canarsie,False,22,11236,3.5
K_7DC5_xUu-Ri2S5VliBAQ,Crunch Fitness - Bushwick,False,85,11206,2.5
A4co7tjKaaT2bhcA2U0VhA,Retro Fitness,False,40,11215,3.5
EvEr9uDvg8hUQ5k86alH9g,Fitness Gallery,False,18,11229,4.5
03_o5a4YFF80WRDVhwZfJg,Flatbush CrossFit,False,5,11234,5.0
LXeZ-CZWIAVBCwqoki-eSg,Planet Fitness,False,18,11207,3.5
CUjUnhusOgq3EZ363eSL1Q,South Brooklyn Weightlifting Club,False,24,11217,5.0
kkB-tgG_FJOJraCM0z4Jlw,Prospect Park Branch YMCA,False,109,11215,3.5
Hx5lNPcJwH-GH6N-Iv9QQg,Bad Ass Academy,False,38,11220,4.5
Lszm-geabdAL5iLiVSXUnw,Sweatbox Brooklyn,False,8,11220,4.5
XUgM9mPhYDIuXDe01115aA,CrossFit Coney Island,False,6,11223,5.0
VMYUoekUd_iz7lrSZfTq0w,Planet Fitness,False,84,11206,2.5
892s5CMbb10DbV-g494wDw,LA Fitness,False,102,11414,2.5
jJYne2Ko5GR6uCETRP5KPw,9ROUND,False,3,11216,5.0
fi8rmf2OXII38WXeZ0Ca2A,Dolphin Fitness Clubs,False,74,11214,3.5
P296OXS_TPa_c_pP2GsSdg,Brooklyn Zoo NY,False,45,11206,4.0
lHhVqcUimifamBXq734pPA,Crossfit Outbreak - Bed Stuy,False,16,11221,3.5
ZgwsNUMBXTax9YYJvvGMoQ,New York Sports Clubs,False,114,11229,2.5
M_6BIcBpJkMw_ctQa203-A,Base,False,144,07302,4.0
qqpepqu7bz5ruM1AEtdXhQ,Jake's Fitness,False,10,11218,5.0
htX_I87ofeHaYrflcfx21Q,Eastern Athletic,False,58,11238,2.0
1o2k4eyvKls1dAg1pEB_AQ,Fitness First For Woman,False,1,11229,5.0
UZB2Qlo1gkRPhTbBK_fqRA,Blink Fitness - Junction,False,49,11210,3.0
2_RfYqUTaIZoXEbuS7EppA,Orangetheory Fitness Brooklyn - Brooklyn Heights,False,21,11201,4.0
SdnR2SZOUrH4p-MNpZvbkw,Blink Fitness - Bushwick,False,61,11237,2.5
heUQkE9FoeFrZnBMKrimZg,Chelsea Piers Fitness - Brooklyn,False,32,11217,3.5
H-z-cYOrugvj5IjDkTswqw,Bodhi Fitness Center,False,103,11354,4.0
-3IeoUTRfhRKAI4bUGb6-w,Pongo Power,False,25,11215,5.0
kpnDPfBt4Tu06yBCVj1jTg,Retro Fitness,False,83,11223,2.0
pK_GjkN-HQ_rAAIsBnjB6A,Powerhouse Gym - Bayside,False,57,11358,4.0
g6U_cqItMcGV3bFoNXeHsA,Elite Fitness Studio,False,28,11231,4.0
YTCX1Nnj8vi31hOssk-4EA,SESSION,False,13,11249,5.0
IdPQjScyyl0Gzd4LbfZdzA,Bodiesynergy - Prospect Park,False,2,11218,5.0
DzlmPGxCg3wRyGJiNoSFow,GYM NYC,False,29,10012,4.5
cfQrSi0rTIb_VRSSRWq0QA,Equinox Williamsburg,False,88,11211,2.5
6h9RYj9yZx4zJd8QVuRDrw,Mill Basin Health Club,False,4,11234,3.0
xUhroSfhUatFW8zCOmcakA,Planet Fitness,False,27,11201,3.0
__dyA-P1UtDLyubNh05V8A,Krank Brooklyn,False,15,11201,5.0
-hAxOW4H8B4q1HL82QtBmA,Better Health,False,1,11219,5.0
BA8b7UuT4UiwK0aT-uANXg,Q Fitness,False,6,11212,3.5
oIx6r9kieAxEV95l6-e3CQ,Grind House,False,14,11249,3.0
8b4xgDOH4bextUIFJ-megw,Brooklyn Boulders,False,562,11217,4.0
8X_oqry7rRoIjZSyOZBBmg,Fitness by Bobby,False,3,11223,5.0
BvUQycVtpWkvkCSZW9kL0A,Crunch Fitness - Greenpoint,False,95,11222,2.5
kRZwSNIDMOMrDfBU2GVJJQ,Skipfitness,False,5,11210,2.5
2a965ju9ibisyTTZhzJzmQ,Park Slope CrossFit,False,22,11217,5.0
jE-2nDsUz8YBn6QKfJnvcA,Dean CrossFit,False,14,11238,5.0
et9zYMicnXw4amGgX4SbTQ,Work it Out,False,97,07030,4.5
jdi17jD2DTBi_tlXOeF5ug,Intrepid Gym,False,25,07030,5.0
x3H0hXWJFywJqt8gG2r1hw,Brooklyn Barbell Club,False,2,11222,5.0
-uAxF-r3Uyd1yJbWM0QPgQ,Club Fitness,False,239,11106,3.5
r1ySeuL1tF2yVrH3TsIljg,UFC GYM Park Slope,False,31,11215,3.5
8cicyQ8j8YETAeOTcLqXKg,Four Fitness,False,40,07306,5.0
NeTL2s8vZ25z_EuBHHAo7A,CKO Kickboxing Park Slope,False,67,11217,5.0
P617ABixzOjW2QBKVhUJ_Q,Force Fitness Club,False,47,11385,4.0
XcXp5331qdt_QmdkiMRW3w,Mid City Gym,False,176,10036,4.0
NjupJdQnTONbQrcELia5Vw,BK Fitness Club,False,11,11235,4.5
4qgzu9GOW-uIEyTyI6_CuA,Blink Fitness - Coney Island,False,30,11224,3.5
Q-ycrPfs_eSJUJzYxIM24A,Planet Fitness,False,97,11385,2.5
jaSgJPjU6KCJvqGKvqQlQQ,Beyond Movement Fitness,False,79,11101,5.0
USCFcE_o64AnxMCknzuxuw,New York Sports Clubs,False,166,11215,2.0
cd3eETpGa3SppPZ7HgQf2Q,Planet Fitness,False,87,11201,2.0
t19PGiyf9bY_-CYBLF5qoQ,Dodge YMCA,False,102,11201,3.0
_M3SZ1EFj0NOF9gwTuDigA,SLT Park Slope,False,10,11217,4.0
Mlo8UphMkoy9XMWHVgZsgA,Mercedes Club,False,152,10019,4.0
bYdxHmnyNJun2LQAvVsF9Q,F45 Training Boerum Hill,False,4,11201,5.0
3jPUj7pckbrl1X0YA8EUDQ,F45 Training Lower East Side,False,14,10002,5.0
HzmF-YUV423q8SSy6ld2Mg,Lifestyle Performance,False,3,11209,5.0
NE6mkwjJ5BG1UXCdEutCOQ,Greenpoint Athletics,False,24,11222,5.0
OnP7Oj26mp3KQXfjRhxhbg,Club Metro USA,False,139,07310,4.0
0zY166hVI5Z5SqcPL3tfIA,Equinox Dumbo,False,21,11201,3.5
mut-NtsrMsR_B9fXBeUy3w,Eastern Athletic Clubs,False,61,11201,3.0
ZSobgYXCWpXjsthPOiVfzA,Blink Fitness - Park Slope,False,62,11215,3.0
rFc5Zv2igHfb5Rck2-Do0w,Sage Fitness Studios,False,54,11105,5.0
DUi6SUAK7WXSySrUbgPl_g,brickha√ºs hk,False,2,10036,5.0
WxoLYQUrDPE_dV4tAbpt-w,CKO Kickboxing Clinton Hill,False,29,11205,4.5
b326Oh3vpr48e4fSS-nROg,CrossFit 718,False,14,11232,5.0
T3DTi5dMAYh1jlbswPY4iQ,Blink Fitness - Williamsburg,False,77,11211,3.0
9_Umx8fGKAH8CGp9CaOe5w,Ridgewood YMCA,False,33,11385,4.0
DGb3-c824MTNEqFaTSbTlA,New York Sports Clubs,False,128,11209,2.0
8OHSvgCMyf2-MWVyLHnrgA,JDI Barbell,False,19,11101,5.0
gZLf6Nw-nzGkhYNGTrmOng,Orangetheory Fitness Williamsburg,False,27,11249,4.0
wk_-8dVqL4wzUQByywAU-g,Add-Mo Fitness!,False,1,11205,5.0
YMceMR-Hk_Vq5vbUGoetrQ,Chelsea Piers Fitness,False,178,10011,4.5
bMbsXB7YlZcXM0KbeBgQ3Q,World Gym,False,27,11385,2.5
Nv_FGjrROj3RdCwYrIV_MQ,Blink Fitness - Boerum Hill,False,73,11201,3.0
tN8GSwr29yDI31Jy-MZvnA,Greenpoint Branch YMCA,False,63,11222,3.5
VPQRvMRj4MXMpiWvwevGqA,Flywheel Sports Williamsburg,False,21,11211,4.5
8ar7msN8FO2sKiZDpH82nQ,LIU Brooklyn WRAC Center Gym,False,1,11201,4.0
rZx8hDCyBkceLpnTGBddCQ,Sphinx Fitness,False,4,11224,5.0
xP44PIPaK5eJIJO0Vg3bgQ,The Fit Life With Dawn,False,1,11223,5.0
x2DjOIqDdZNOYSmMUx5FlA,Drive495,False,18,10012,4.5
bV-vJqQ7RXqMMYR5u8r9dQ,WeStrong Strength and Conditioning,False,11,07302,5.0
2wSTGgEE55hxFM_we_YaMA,Rockway YMCA at Arverne by the Sea,False,37,11692,3.5
y7VrHbIefIIdzQcxAktNqw,Form Fitness,False,1,11201,5.0
tAEY5z1dWCbWtS8ep_55ow,CrossFit South Brooklyn,False,55,11217,5.0
30Oo0yftYq_Bn-FmiX7ekA,IronBorn Crossfit,False,2,11212,5.0
68kLlsxRfOU6NVZ7YO7ggw,Poseidon Athletics,False,12,11101,5.0
xChemndh4IiTimutQfyeQQ,Urban Jungle,False,59,11377,5.0
OjYwXGEs-eSak2xug9WPfA,SLT Cobble Hill,False,3,11231,4.5
fz8WsXGWKeszgoBNWrw18A,Planet Fitness,False,32,11229,2.0
bXTUKe_dyU4BeaRC3IeFiQ,Lucille Roberts- Kings Highway,False,62,11223,2.5
5H0GEdKKcPpmrPm9R5uxkA,Push Fitness Club of College Point,False,126,11356,3.5
hd8zSpWlNBHyklwjRSv7GA,Form50 Fitness,False,58,11106,5.0
soMcUD7js0OGhHY7trUyvw,Prospect Gymnastics,False,14,11218,4.0
8SXbYCOU_pQM1E1sWfn2cg,OPTraining,False,6,07302,5.0
9DgaWe46u49LlRz7HQIZlQ,WillyB CrossFit,False,41,11206,3.5
tNlH2NzfckqmrKoNqaPmuA,Wealth Fitness,False,2,11201,4.5
ift5M7lYnqJ4DgHqhnkrBA,Hollywood Health Club,False,1,11561,5.0
_pJl1AaP1LUBzxHw5RE_9g,Powerhouse Gym,False,14,11101,3.5
UR4cr_OXx5wl-I6hNqr_SA,WillyB CrossFit - Bowery,False,56,10002,4.5
2vN5p0SoqDGPcUCM-79nsg,Liftonic,False,90,10014,5.0
DRBs4pc-b3MbZeUuliLnqw,Crunch Fitness - South Slope,False,40,11215,3.0
ETe0NwIXmuN6VUIgMaJX1w,Flatbush Branch YMCA,False,11,11210,3.5
4gjUqXlho2a831mZYoW9mg,SLT Williamsburg,False,5,11249,4.0
ufT76U3UZz9ykIx_OnbmLA,Hebrew Educational Society,False,4,11236,3.5
HDTrv1gXoOOeMvQ04ehzRA,Ironbound Performance Athletics,False,18,07302,5.0
OcCJoOntWcd3hCXAPU0utg,Breuckelen Athletic,False,1,11231,5.0
Yb44oipWMQO1-BpfwIUZPA,Red Hook StrengthWorks,False,4,11231,5.0
syK3qJ-zv9AKf6v2meLCQA,Encore Fitness,False,25,10010,5.0
wn-nUqLskTaJY8R8IfVkYw,UFC GYM NYC SoHo,False,66,10013,4.0
oAwyvQiSWGoGY9ksh4yQRw,befitnyc,False,23,10025,4.5
kW8wW3yJBUFn8RVK9dQFqg,New York Sports Clubs,False,119,10014,2.5
ueYFBEgLHwbatyiEvo5iJw,Hiitspace,False,1,11223,5.0
_clc9Vsmr4StQBWWYetaNw,GYMGUYZ Bay Ridge,False,1,11229,5.0
K335QoyMg73fhkIvb8OCvw,North Brooklyn Branch YMCA-Twelve Town Center,False,17,11208,3.5
6ypvqn9IahMi_vy3S2610g,F45 Training Williamsburg North,False,4,11211,5.0
2NTHYJ9G-rpCz3UiZRis8w,The Trinity Boxing Club,False,15,10007,5.0
hSerpix0u5nlMgKIt3_Taw,Mark Fisher Fitness,False,58,10018,5.0
T4jWNqIUWb2TkATSlJgHaw,Matrix Fitness Club & Personal Training Center,False,161,11105,4.0
z1PzOjI6hwie850KH_pvdQ,Surge Fitness,False,41,07302,5.0
-JIXa-LwIW8ht0ut3gKDpA,Class One MMA,False,26,11217,4.5
vmhevPOT6au2sRnjdNbWBQ,Gotham Gym,False,36,10014,4.5
Ne3YP6Zz1PINkaLO4rI1ew,Remorca Fitness - Gramercy,False,2,10003,5.0
aB4zO3AMSkWtbYnogUq3eQ,Black House Strength & Conditioning,False,9,07302,5.0
ypeRKaFOXoO8QuzAmmoPVg,CompleteBody -  Financial District,False,113,10005,4.0
Pnvw5u8NcEuV2e-D36npKg,Burn Fitness,False,3,11694,2.5
EvU2sjvwGiW6qyDbgBpolQ,Willspace,False,21,10014,5.0
KhopHxSwn6rQYQRdb0nTtw,Equinox Wall Street,False,105,10005,3.0
hLZXJ5MjGpAlsEUXmSuu6w,Planet Fitness,False,37,11236,2.5
h9a4ncyrFUtvZ_oqatExMQ,Jersey City Barbell & LMBG CrossFit,False,16,07304,4.0
JbHNZIHFPtDJ8RCWZciSjA,Crunch Fitness - Richmond Hill,False,74,11418,3.0
SU5xh7FWOHyptU6DacPyOA,Gore's Core Fitness,False,8,10014,5.0
CgR4PNYcnpvg2G4QC1UbCg,30/60/90,False,12,10010,4.5
I2wvjFH5N1FSj9_1yY-rRw,Retro Fitness,False,76,11385,3.0
O-1cGyirHeYO49B27pYPuQ,StuyFitness on 14th,False,1,10009,5.0
9XrLY3Idp2dRgAr_GDYGIA,Sweat W Downtown,False,1,10006,5.0
Dwwr0zG0q0J2DcSTBuIVGA,F45 Training Park Slope,False,9,11217,4.5
uj41ZWyBmfYTY0wm7tpTZg,Brooklyn Lifestyle Athletic Club,False,33,11236,2.0
oaUWTP3TwkCrf1H3XveF7Q,True North Training,False,10,11249,5.0
5vvPQrZWP9mSoSbWmUormQ,Korea Village Fitness,False,36,11354,3.5
SSzwmcpaM_XcAzUFlSqtLg,Metropolitan Pool and Recreation Center,False,50,11211,3.0
R2Zrr3m-UyrSW2GGgDYzLQ,Life Health Fitness - Whitestone,False,47,11357,4.0
o4qhN4AmM7TOGJh6ARSTKg,Nimble Fitness,False,30,10003,4.5
x1EomtF4Uxc_V4Wl5h0Ypg,F45 Training Exchange Place Jersey City,False,20,07302,5.0
1ZkYQV9eUXN_Ly2G7b2geQ,Beast River Fitness,False,28,10009,5.0
cd9MmncJCQu5-h9FJxK9kA,Trooper Fitness,False,88,10022,5.0
oLSEPDs8fAjGqEboNaOo3w,The Fort,False,10,10010,4.5
G28ZzXele9m6xb-l5ZB7TQ,Blink Fitness - 54th St,False,74,10022,3.0
RcICYboQMVOs9B3hONESgg,Equinox SoHo,False,149,10012,3.5
mQmhKsGnD-jfeNJU6qMdVA,TS Fitness,False,79,10065,5.0
B9hepOn0_ZN2YMuShBP-Tw,Liberated Fitness,False,15,10025,4.5
dcmuXaoHGbPRgnASR9EHVQ,CrossFit Virtuosity,False,58,11222,4.5
Xpi_GKjAuZsJbZfP4S9Fmw,Crunch Fitness - FiDi,False,36,10005,3.5
oR3FxE24ARIZdO4-atrMuQ,The Gym 105,False,3,10025,5.0
2bsXe7YsO10zqmyjk1jmYw,CKO Kickboxing Carroll Gardens,False,75,11231,5.0
olDJq24FXYRibc6b1c1LMA,CrossFit Outbreak  - Clinton Hill,False,38,11205,4.5
iasDrFQZEpKiEPKsvbVAkQ,Anytime Fitness,False,7,07067,4.5
f94XxB0Jod_zvoRHHuiwqA,4U Fitness- New York,False,4,10014,5.0
4L0Xek0QclHHa33HnJMs0w,The Strength Center,False,7,07093,5.0
gmDS_5oSBLZmWLz-34UrZw,Tone House,False,163,10016,4.5
MycHyIdtTGqJlAaJv4n0QQ,LA Fitness,False,12,11559,3.0
ZuZ8YPxO9KmUllHvk2XShw,V I P 1 To 1 Fitness Center,False,12,07024,5.0
KuANHE4wH2CmvZRDWIP2Vg,Ltrain CrossFit,False,26,11211,4.0
fVKRJHRemkpJTwUOm6l2xQ,Crunch Fitness - Union Square,False,179,10003,3.0
HfN6J0K_ZftLLGSIeBhYCw,Human@Ease,False,35,11222,4.5
ZwvV_RJv8bTkV0bzrChizg,Absolute Fitness,False,22,10016,5.0
qoR3W44r2hjAF7nGb2GFNw,The Training Lab,False,66,10018,5.0
1YTEZbF731kpkjHS9BYFhA,92Y May Center,False,46,10128,3.5
C9N_-wnhQhcI6teGrqHeJA,CrossFit Jersey City,False,22,07302,4.5
Cfrq5bj7WksLx3LBzp79DQ,Trifecta Strong,False,1,10285,5.0
uGmDkbiECM7Ge4IYYUV6dg,The Complex NYC,False,18,11101,4.0
M3YIgAVeErhdELkuP-fqNg,Iron Lion Performance,False,31,11105,5.0
2C8HrxtJ60ACQOXfbpJ9Hg,Planet Fitness,False,106,10004,3.0
AbbY4EIRvdlxbqR0osqDKw,Lex Fit,False,7,10016,4.0
tR-SQWwjtePur5uvDucihw,Hamilton Health & Fitness,False,46,07302,3.5
b7pr5YCJg0eGAseUQghfag,Clique Fitness Center,False,6,11432,5.0
Or3cP2kT5Mh205TohHknzQ,Clubfit247,False,10,11590,4.5
d39o5ud7fwRbk5voplSi4A,Blink Fitness - Penn Station,False,103,10001,3.0
dfyEtaRU6ORBoojAaWzVxg,Cordell Fitness,False,11,10013,4.5
hCjUI_MLOPznBhADGtwalg,Nicely Fit,False,4,11101,5.0
uH3vhK1Y6TrNQ5u8XeQKfg,Refine Method,False,45,10014,4.5
2UPqLPZTCyIvGtYfOnjCTw,Maximum Motion Fitness,False,12,07302,4.5
I0QIFDoKqu67NQJ9XolyPQ,F45 Training - Long Island City,False,6,11101,5.0
AL_CuRqvkCH1h_czuLPTpA,Iron & Silk Fitness Center,False,33,10009,3.5
4YeeWt1kfll7m9vKvinYnA,Howard Beach CrossFit,False,6,11414,4.5
CiVkmHpcGhGMxElD70_6aA,Crunch Fitness - 19th Street,False,123,10011,3.5
BeToJ7vieyHYWvuPrt6yXA,Crunch Fitness - Brooklyn,False,4,11214,2.5
7COwaP3h56o5Redjq9_9DQ,Ovox Gym & Training Center,False,17,07751,5.0
l3bTNr_sT_gSYO7-BFRWGQ,F45 Training Dumbo,False,3,11201,3.5
aO9bRpwNVx5hWA5SDl2rMg,Blink Fitness - Brownsville,False,5,11212,2.5
VGg6Unj8tDfca5But_Xl8Q,New York City Ninja Academy,False,1,10019,5.0
8z4a0zHkCUGBs9rzO_PUoQ,Switch Playground SoHo,False,33,10012,4.5
vxCypcebqEgmDV0dcR6bcg,CrossFit Wall Street,False,25,10004,4.5
2IF7k2WxxnX50zdqLCOC7A,Crunch Fitness - Tribeca,False,70,10013,3.5
MY6HPi3DmOE5soqIfc7OLA,Phyt NYC,False,10,10022,4.5
lSI14UEVigpHUCSpS7P8Kg,Blink Fitness - Noho,False,299,10012,3.0
uxqguAr0IGjnI0C7FzZ4SQ,NEOU,False,25,10018,4.5
yZVaviIM3KVv1uXMNTsmyQ,Force FitCamp,False,3,11385,5.0
tug54oAGzkg6zOMfCTG0UQ,Verrazano Crossfit,False,17,10304,5.0
T9eF-G1qKlfysuIkr0fM3A,Bell,False,1,10003,5.0
JQmBfUnU0vHyWAHzt0UNdg,Push Fitness Club,False,253,11366,3.5
aDAe1J_w9ZCT6ymhalD2xA,RiverParc Fitness,False,2,07086,4.0
Pk1FErsAyDt6ANrtl9Ox8w,Coney Island Fitness,False,1,11224,5.0
rzuQ13aAoz5KAQqoPLfraA,Flex Mind Body & Spirit Health & Fitness Club,False,4,11417,4.5
Wc-BRi7gtj6txovuXNsaNA,Knockout Performance,False,4,11210,5.0
jzP_nbjylb6mWIkD4WxD3A,Planet Fitness,False,10,11101,4.5
wobxXU3x5B2Pgr7PwxLkiQ,The Terrace Club,False,2,10280,5.0
RrJWrpCFOdDiXikC_4hArg,Blink Fitness - Jackson Heights,False,158,11372,2.0
7QN3-rRh86x5vKzN2H7Bzw,Anytime Fitness,False,12,07010,4.5
rAYfbHJdw2g6F-vyWv0Q6w,W Fitness Club,False,58,11374,3.0
PX3NvUNa5bHzMLTjYAE-Hw,LIFT Fitness,False,8,11576,4.5
9eQWqmedaEVfdMlmE_Z5FQ,Equinox Orchard Street,False,43,10002,2.5
g2zTjqzv8G5-P6NYRDbbNw,The Max Challenge of BayRidge,False,1,11209,5.0
ZMMrZQl2sjcw70lkS1KKbA,Orangetheory Fitness Rockville Centre,False,43,11570,5.0
YH5btkUScbAWVU0Uye-x2A,New York Sports Clubs,False,150,11104,2.5
RmNtf3KuC_Z2OsAT0fW1_Q,Navesink Fitness,False,4,07716,5.0
Rf0jGmyES2hIpnn8J9yKHQ,Crunch Fitness - 38th Street,False,130,10018,3.0
eNUesWPz2iKb0UPRWac4kg,THE MAX Challenge - Hoboken,False,9,07030,5.0
Ag-dQZ3rGqt8W6CnlNJNqw,Equinox Greenwich Avenue,False,149,10014,3.5
qm3WwubINfz9m9IIuCavVA,Blink Fitness - Astoria,False,201,11103,3.0
sDV22f7qnHEjJGXy-WlUKQ,Planet Fitness,False,28,11414,3.5
dSpfgtwSMn5LX6N37NqjlQ,Valley Fitness,False,17,11581,4.0
r8UKNUYkRGOpDjGM-lNwzA,TrainStation NYC,False,2,10010,5.0
LnREsvUxe1XDEPp8CxLc9Q,Equinox Flatiron,False,147,10003,3.0
f5UaO7yo-3V55er15MZ79A,Structure Personal Fitness,False,3,10016,4.5
_-C37Eu1aFstjyH9Sj4HKA,Oculus CrossFit,False,17,10038,4.5
bhFIGCVgZH4Fn1YrdsKJCQ,The Fitness Office,False,5,10028,5.0
8-PI45eXmkaAf_t1P7Dbfw,New York Sports Clubs,False,128,10005,2.5
ClbfVREHyTwR-bwoN69krw,Eastern Queens Boxing Club,False,20,11429,4.5
w89OcXbjsRQkTq5PNbXICQ,Crunch Fitness - Hoboken,False,57,07030,3.0
kH_C6K7T6T0zhMlfUwCEOA,Blink Fitness - Ozone Park,False,36,11416,3.0
K_v5t4VQHcZLl4cxXieDig,Equinox Highline,False,88,10011,3.5
BwqEUnPl5oU2-NaF6dkQ5Q,HACKD,False,4,10011,5.0
HBpkzCuxyVnw_gXo1FKYEA,TMPL - Hell's Kitchen,False,4,10019,4.0
sUTWBc_hfsfCsil3xpwQNw,Fitness Lounge,False,7,11103,5.0
qNqLENNTgVQgyneh4Voggw,Complete by CompleteBody Union Square,False,14,10011,5.0
iv5L9PdbZs8TCibV1WnkTg,Equinox Bond Street,False,45,10012,3.0
XXUkQHHsp-ZKcaSEYTN_Pg,Five Points Academy,False,57,10013,4.5
EamtVYxeKpvCZFDAqHeBSA,Manhattan Athletic Club,False,14,10172,4.0
YkQgpsF-WU9GBc0QQzDUcg,Legit Independent Training Gym,False,4,10075,5.0
Hi1ochTTV74EfKZoqgcLHw,Intoxx Fitness,False,22,10304,3.0
v5vyTvoJrGmSIdjmAeGm1Q,Blink Fitness - Murray Hill,False,150,10016,3.0
9HuogETyx4fJzdMQFq0XgQ,24 Hour Fitness - Valley Stream,False,70,11581,2.0
MjbnP1sckmL-YMsLw9iUXQ,Blink Fitness - East Village,False,85,10009,2.5
pVg14AHG4Ppaxm82Lm5kBQ,Star Fitness,False,27,10461,4.0
o1jYBEAWVA2_OfNYexqi3Q,SLT Flatiron,False,43,10010,4.0
q4AZGMIksYWbNqCSKgwKqw,Blink Fitness - Bryant Park,False,117,10018,2.5
nTrTiWqBfLjdxjg6DmAFtA,UFC GYM Hoboken,False,34,07030,4.5
tG6NV7FexyV1u7R2yp99BQ,Work Train Fight,False,125,10012,4.5
bcnlBSdo_Xc2EBcPolq1xw,Equinox Tribeca,False,78,10007,3.5
CcMm3jjHDoQqVxe8MBIXOQ,Blink Fitness - FiDi,False,93,10038,3.0
2Hx0DyvH50VXus8WMyGDWg,Orangetheory FItness Jersey City,False,29,07310,4.0
b1izLnJRUk2_9tLhOtkSCA,J.C Barbell & LMBG CrossFit,False,2,07304,5.0
JrUtRgtEDbhG33g3pCPqcA,Life Clubs,False,19,11559,4.0
VI-1gfoAOp3TmQLrwwzizw,NYSC Lab,False,108,10001,4.0
a2lZaO-3N8rO096h7FOynA,Inform Fitness,False,18,10022,5.0
D32qFehgZxRi93jJ6U5xBg,Essential Fitness NYC,False,5,10019,5.0
Ss2RTJiQ_vODLTUs6hyERQ,Equinox Brookfield Place,False,63,10281,3.0
L9B4YkfFisq5UHQrAJZpNQ,M O V E Fitness & Performance,False,2,07030,5.0
leVqeIg0IAqHWij7oM3__w,Studio 26,False,23,10001,4.5
gx3-OmqU_Cn0pIBNoc3AdA,Planet Fitness,False,71,10013,3.0
00bS6O7_Ux8Pl51MFBB7mQ,World Boxing Gym,False,34,07302,3.5
D4pWVqnw5o-xa2_4JPE2FA,BeniFITNESS Fit Factory,False,2,11561,5.0
Lr0PoX2T7zQcJNZ3LSpZ3Q,YB Fitness,False,18,07078,5.0
F12LTJQF4JUjLeQdhfAhwA,Great Jones Fitness,False,2,10012,5.0
1LYMsMDDi1SFghrp09k-ig,Body Space Fitness,False,82,10011,4.5
Ssl4GVqdnKR4D-H0-K-00w,Retro Fitness,False,27,07305,3.5
5K77VdIngyWJ7QILtxRIYQ,KORE Functional Training Studio & Group Training Center,False,3,11358,5.0
fkhv4IIePKb3GL0EOJR2Qw,Equinox Hudson Yards,False,42,10001,3.5
JiNDn4jv5A1eu9dIfjSg3Q,24 Hour Fitness - Kew Gardens,False,71,11415,2.0
2EN43fe7DYu9jwa1Eb9qZw,Remorca Fitness,False,6,10065,5.0
ytpspiwR-VJNdIlHK8LyOw,WRKNYC,False,31,10016,4.0
tt0xNkQNplbFy59s4m-SSQ,Lagree NY,False,37,11105,5.0
MVLwyc4kMknWp_vMZgA2Iw,X 93 Fitness,False,10,10025,5.0
V1jQysrDMdkt2O4JaI2UKg,Retro Fitness,False,101,11385,3.0
0RVhH2tsAayqyyCuK2u54w,Tyrone Carr Fitness,False,1,10014,5.0
dmIbRUp-mdzIquUH6fMf1g,Hudson River Athletics,False,27,07030,5.0
RMTi7OCccxvlPYk3pbcuQg,CrossFit Flushing,False,16,11365,5.0
uEH960GLytHG1voHob4DNw,Blink Fitness - Ridgewood,False,23,11385,2.0
GUU5nDvO2urwe4xjf4vQLQ,PushLab Fitness,False,81,10075,5.0
_rqxz18CPz6_-tLPzl66IQ,Crunch Fitness - Bowery,False,117,10003,3.5
7-K_gg21-npBzbKpRpJV2g,Skifter Fitness,False,3,11214,5.0
Y7Huno3R7Xg2ZUdsXZJG-A,Team Pure Fitness,False,2,07424,5.0
PFrqcAEFJ1QNfUjlxYz_5A,Planet Fitness,False,73,10003,2.5
yGaLHdvVajUC0jRQ4WPKpQ,The Wolff's Den,False,4,07657,5.0
-tdbwCaOZjgbyDd9_ZJWIw,Better Body Bootcamp,False,72,11361,4.5
jjsE8j5JYzDJjlLitVHO_g,Orangetheory Fitness Edgewater,False,136,07020,4.0
i9DzcNzHnCbN168LkWFLzA,F45 Training Hoboken North,False,3,07030,5.0
fk5nRwwO5CTIFkxEHoQ9hA,Shape It Up Nutrition,False,1,11385,5.0
HWct9FcKmWb2ux1U2pKQYw,Retro Fitness,False,93,11374,3.0
HSNxIXNXQb6xpFJfqX93cQ,Retro Fitness,False,22,07024,4.5
R489QRPFe1rLSBeI5c4scg,Equinox Printing House,False,128,10014,2.5
Jfc3vN2LLbREisUpXyfG6Q,Core Fitness,False,12,10028,4.5
Oych8H3fLi8HCzsaQRvb_Q,"Benswic, Inc",False,7,10027,5.0
zAOx_0vEcGQ1YyGIGYX8VA,Equinox Gramercy,False,42,10010,3.5
pYp5IoSC9HuaZTAPsqyOFA,Crunch Fitness - 23rd Street,False,71,10011,3.0
VmL-dn0-HY5fqr_cxIlMPQ,CompleteBody Midtown East,False,39,10022,4.0
fDnhuobq7nsIl-VAAHYPIg,Pop Physique,False,150,10012,4.5
hIJ1ynOaUiIpnEeh7OzkcA,Push Fitness Club,False,110,11040,3.5
HnVLDq7iywnLdTeUlk_gtQ,Blink Fitness - Journal Square,False,94,07306,2.5
48hnysGBvtK5oUQ5TKk58g,Hearst Tower The Club,False,2,10019,5.0
eOG3oAcBCkG6M24XeV6Sow,Epic Hybrid Training,False,76,10022,4.5
s0mrjPd7eIkM1SYVi2g2Bg,WillyB CrossFit,False,8,11222,4.0
IgMs7JC_5GBW7xYbWTH_Zw,Club Metro USA,False,17,07503,4.5
HNUcoDgS1O4PinM8GiDmrw,Champions Fitness Center,False,1,11229,4.0
jKfO-SoKG2jU0vd1CUEmfQ,Refine Method,False,64,10023,5.0
8LA7TXC5B1ATW1ryW1IAyQ,Bensonhurst JCC Jewish Community Center,False,11,11214,3.5
agFqJkDvS3FDAJAzhfZzgg,Solidcore Nolita,False,2,10012,5.0
lMH6RCxevDdzCTM5wSfqMw,Strong & Shapely Gym,False,31,07073,4.0
XjupUZZ0p8JGEQf7chkcmQ,Fitness Factory,False,92,07020,3.0
qmM0BT_wUsdpZq7_wx5ENg,Drip Sweat,False,1,10032,5.0
J0ltGSBhUA74Bfa41N_l6A,Fhitting Room,False,100,10011,4.5
lHFz5v8rVJy7iOLo_RfFBw,CrossFit Dutch Kills,False,15,11101,5.0
aXcPKfWM6vO8UKgnwXMTwA,SLT W 14,False,4,10011,4.5
0nBe73J5B7vFuHmAuR-Hiw,Sitaras Fitness,False,2,10155,5.0
CSWUEc1A1059ekcE0kVMvA,Koko FitClub of Long Beach,False,15,11561,4.0
GlwSqV8VcvKQJuDfKfy-HQ,Power Ten Fitness Club,False,1,11050,5.0
R8MMzNcVATtTf5-Zvv_jHQ,Corinthian Condominium Health Club,False,3,10016,4.5
stKirJjEJAPFVZEbsLavSw,Everlast Lab,False,17,07030,4.0
rGxhn6FYSQztzXMouPuEjw,New York Sports Clubs,False,110,10014,2.5
PRuSyEekw7U1-aha1IMF7A,CrossFit Union Square,False,13,10003,4.5
0A5Zd-My39SMwmXwS3tYUw,Orangetheory Fitness,False,42,10314,4.0
D1P7yspJBjOcyNiDBchnHw,Planet Fitness,False,153,10019,3.0
970Bi-ZuNhzs7I_SZYZFcA,P.volve,False,1,10012,5.0
k8hHsIU_3UDimYQ5aOtVpQ,Crunch Fitness - Bellmore,False,104,11710,4.0
zZJhQTonAfSUCH9pju1pNA,"Triomph Fitness, Health, & Wellness",False,1,11215,5.0
q-pflkCqVezfQjh6hN4u5Q,Blink Fitness - Clifton,False,45,07013,4.0
BSRAC0vpFCv_ULr0WiDiIw,Crossfit Bridge and Tunnel,False,5,11385,3.5
BmiegPP7Dj-KnboolRZxJQ,Corebalfit,False,4,11429,5.0
ggMXSX103H7R7D_bhPMMkw,Planet Fitness,False,252,11103,2.5
Z42S9ucaD5xIvdGB_vkCTA,The Monterey Health Club,False,4,10128,4.5
UoxNT2kxqnAfcFju2D0qVQ,CrossFit Gantry,False,29,11101,4.0
ZOWZ38hrxsQlACjWc4K5xw,Team Transform Fitness,False,9,10707,5.0
DkYIP4T7AaBoQSkzLjdJMQ,Concept Fitness ,False,4,11572,5.0
5sZrxoLlTad9Uu5BAI-9Cg,Powerhouse Gym,False,32,07606,3.5
iq2pq8zQ7SB_lP73n1m0SA,Newark's Ironbound Fitness,False,53,07105,3.5
fW2vbzp6hTUdPLRif2RUkQ,14th Street Y,False,54,10003,3.5
LzfTLb-aHiJMOV9ufU_3tg,Submit 2 Fitness,False,2,07094,5.0
hjZ9Z1H6OIZY_b14ZZuaJQ,Astoria Sports Complex,False,161,11101,3.5
gSSHYq-W_exdG9qCzCiYxQ,Body Sculptors Gym,False,4,07031,5.0
XsCcKxJQThO__zfMCZHPig,Blink Fitness - The Hub,False,8,10455,5.0
zY-Add-a0mG-I3rf2-wRAA,Dream Body Fitness,False,4,11366,5.0
hSKE0qim-Ddano6wbayGJg,EVF CrossFit Columbus Circle,False,51,10019,4.5
KCuHD90CosICqkj-0F5ctQ,V Fitness,False,7,11358,5.0
eTXVng7EKEeZXJjJPjha1A,Sunnyside Strong Fitness,False,5,11104,4.5
3TlzEi1sNabB4kOGud9cPg,Retro Fitness,False,28,07002,3.0
ckrXklnygfn4w8shgoToog,New York Sports Clubs,False,97,10007,2.0
dl3trqarQpDtO7J0PevOug,Ultimate Fitness Queens,False,65,11377,2.5
TGvCTYtbPmZbquxH36mxUw,Rich Barretta Private Training,False,48,10010,5.0
983lofT13aOFt0sCDnDqWw,FlexFiiT,False,4,11102,4.5
TYC0bQ6l3WA3ah_f1HAiWQ,Dumbo Fitness,False,12,11201,4.0
UtbnOMLcoD9bXCAOkHvakg,Transformation Fitness Studio,False,16,10314,5.0
vjuUND_JopCSfh9BRQ3r9Q,Brick City Strength,False,2,07102,5.0
M869oGVYtKb0N8qYgV1N7g,Performix House,False,1,10011,5.0
c96wNCcaNmN3qgZ0_Q8zDw,Planet Fitness,False,38,07002,3.5
XOAkJJ759BF1HkapiyGg-Q,New York Sports Clubs,False,157,10010,2.0
xKLjvn1kWgHLvUoYwF6k3g,Equinox Rockefeller Center,False,93,10011,3.5
gp6ABP-aU71H0Mqh1MEVRQ,A&G's Fitter Faster Stronger,False,4,11102,5.0
LZdhosulOk2-rYd6L5IFCA,Catalyst S.P.O.R.T.,False,20,10018,4.5
rupbH4rsi4V-RFOX9qpkrQ,Planet Fitness,False,81,11021,3.0
CKqMGXLwPkkWip9XSXGq8g,Crunch Fitness - 34th Street,False,184,10016,3.0
bzjXR3U8U9bPaq7xz7J-hQ,Diamond Gym,False,8,07040,5.0
Q4ulqfklZvpz0HqiFGHJjQ,EVF Performance,False,36,10028,4.5
BUnzMs9X9tGdFz7BALPvXw,Equinox East 92nd Street,False,46,10128,3.5
l1GpVhRU4TB9GTyxo4ZTvQ,Brooklyn Gymnastics Center,False,16,11214,4.0
brlpNUEyY8ORPqyOAfNz2A,Astoria Barbell Club + CrossFit Astoria,False,4,11106,5.0
o3ZyziRPEmV_3zdbuyt5hQ,FIT36 - Livingston,False,7,07039,5.0
0PKItmYLUdglsZQfeNN7Ag,Switch Playground 12th Street,False,73,10003,4.0
gTVj_J5H3X23XJnghkAJ_A,Planet Fitness,False,78,07030,3.0
z-DLAxQWxUYZQTIfkjhnSQ,The MAX Challenge of Bayonne,False,1,07002,5.0
6duo5X1ADyOqNIDXZTnrjA,FITCURE,False,3,10011,5.0
UtYrO3Yuf0aOxuI8x_nLmg,NuYu Revolution,False,8,10025,5.0
UA546ImqzJEt6uD1uD_eHA,Barry's Chelsea,False,187,10011,4.0
VMSLI9M17mr-KOkjSnOABw,Momentum Fitness,False,51,10023,5.0
ANpudEWF5GrpF0mF-gNZEQ,Blink Fitness - Clinton Hill,False,3,11216,2.0
DH8MJZLSDD29BGBjVg4cNA,Firm Athletics,False,2,11560,5.0
n-L3DnnxnqhmCHuqVZ3tjQ,Fhitting Room,False,25,10024,4.5
fW-xgAHNzXOhMu_2K4LqCQ,New York Sports Clubs,False,207,10021,2.0
tnK2OlNVuRgN-Nwf4yMkzg,Blink Fitness - Hicksville,False,47,11801,3.5
QwWOo-AwGfTeFvznEWRrNw,NYSC Flagship Astor Place,False,127,10003,2.5
Rb3SJ32VWs5tWqGnkfSznw,Crunch Fitness - Staten Island,False,46,10301,3.0
JyQdh_J3Td1BvPlEHZnV-w,Daro's Extreme Fitness,False,4,10472,4.0
PMqPQh4JLxjisYlhqifzeg,Manny Cantor Center,False,26,10002,3.5
_VOmwvVvf78mrARK6kP71g,CrossFit Glendale,False,20,11385,4.0
9MO5QDWIi0Gqq4MQz9Zj1Q,Lose-N-Tone Fitness,False,3,11434,5.0
Mb09Q24V14KWjO-4pIhqFw,PRX 14,False,27,10034,4.5
p_Z8KuzX7NpvVr02MznGOQ,Velocity Sports Performance,False,12,10022,4.5
4wUgk14IDIziYvnsHVPVEA,Coney Island YMCA,False,16,11224,3.0
CYBsZ7bM91pvcPMyOoV_eQ,New York Sports Clubs,False,147,07030,2.5
4DZRZHvCwZaaJ3aCgLUpnQ,Crunch Fitness - 59th Street,False,167,10022,3.0
0DiWhb05sAx8vsfmVP-3ig,Phoenix Fitness,False,7,10707,4.5
kMXrOmQLf8d4wywTEyrt5A,Equinox West 92nd Street,False,120,10025,3.0
Lr6GtseSF3JyU1a8yQkd0w,Blink Fitness - Grand Central,False,50,10017,3.0
8Ds8YG1d4oWLhKSsTbdQ5Q,Ripped Fit,False,14,10021,4.0
t-4hnWQx8E-T3Pl3XN9bRA,Boss NYC,False,4,10018,4.0
GhdEN_Unr596LatvDD6few,Strength and Fitness Club,False,10,07016,4.5
GFaJ74Oy3xineK8OaG-HlQ,Central Rock Gym Manhattan,False,28,10069,4.5
dX7w3OtIoFxLbJlYjHStNQ,Blink Fitness - Springfield Gardens,False,9,11423,3.5
z9SFeUkCiQN3qdIBN3vbnQ,Brrrn,False,59,10011,4.5
QxiTikuEsaAGmbImP7t09A,Athletic & Swim Club,False,28,10019,3.5
RIZsSalvZvZXPJpo0OvqAQ,The Wright Fit,False,1,10001,5.0
YMR3wD0om42fEsWIaMwB2w,CrossFit Queens,False,67,11102,4.5
SnGLSkDqOBbMBfzqDIcj1w,Club Metro USA,False,61,07102,3.5
2Cu-uqn6nBU_B23TzJTC1g,King Strength and Performance,False,16,07016,5.0
nZLlq7s-a2pRdw9kKGnKlA,Crossfit Secaucus,False,14,07094,5.0
T26qgrzS6OHML-nT6Vq0qA,Equinox East 63rd Street,False,132,10065,3.5
yImTlGTvmEUcx1iZVqrHOQ,5 Towns CrossFit,False,5,11096,3.5
UR1bX2YHQ30Uqd7lxKIpxA,Vanderbilt Branch YMCA,False,99,10017,3.0
8fmkeYUfegIRvA1tyadARg,Equinox East 61st Street,False,54,10065,3.0
7iX5vzsmNjUxhTcsl9mVXA,Better Body Bootcamp - Fresh Meadows,False,2,11366,5.0
Mxiki9ZQnVuME1s1K4sCWw,Equinox Park Avenue,False,133,10016,3.5
Sfejcon_jhiFZieW3mNujQ,Blink Fitness - Jamaica,False,59,11432,3.0
3Yb4ly4KuZd5HE-Dq_ESOQ,Barrys UES,False,34,10065,4.0
glauk3WwAa1TR9cGyUOMlg,Structure Personal Fitness,False,12,10021,5.0
F_WirI98VF3hgG86Jtm1Gg,Retro Fitness,False,108,11103,3.0
EiF-W3OaQhsM4LOLNWdEaw,NJ HIIT,False,32,07031,5.0
fOez0oelDTqNZHGOMLZxMA,TMPL - West Village,False,2,10014,3.0
2ThcuY2Tj2X44UXnwOD-bw,Barry's NoHo,False,83,10003,3.5
JHoYpaeK6uj7NaFuX2tJtQ,Xtreme Fitness Westchester,False,16,10550,4.0
GWRO4fQ_6gYTIGEZ6i1whQ,Supreme Fitness,False,6,11001,5.0
Grpb9eR_EhLVTt2Z8WsRHg,Crunch Fitness - 54th Street,False,117,10019,3.0
lktjWea85N3VsmNRGIUF1Q,Lucille Roberts- Forest Hills,False,152,11375,2.0
e5Q09J2PHXBvpKU3g5LkvQ,Crossfit Unleashed,False,14,11101,5.0
FXPrPzDzPoLzF5XVjjfRCA,187Fitness,False,3,10040,5.0
XJBWl4KijbICGm5vR4PqLA,NY Strong,False,8,10543,5.0
PfxqaONKUKDEye_y5yNsPA,Dawry Fitness club,False,3,07407,5.0
DmUhP5PLsAsbYsfnf1rpQg,CKO Kickboxing,False,34,11211,4.0
GtYs6kuONl2SPagmhuRhKg,Exceed Physical Culture,False,43,10028,4.0
pLWb8S9KOa9PEciIoNS0cg,Iron Monkey Strength,False,3,11010,5.0
PUY5KtM4DU9xh7lhA2OZng,Blink Fitness - Woodside,False,70,11377,3.0
QoWPbOrvWMiQ3hWytmo8Ng,Project Sculpt,False,2,07030,4.5
PY0P4FKlKl-sNyUdhQnXWw,TBT Fitness  Studios,False,1,07024,5.0
H8u1d_wYTqNvhP-F-XNuVA,Dynamix Fitness,False,39,11105,5.0
OXF2JC6kWBX-LzrRqav87Q,Retro Fitness,False,72,10004,2.5
wmx1Gzw69968rub5WyZeHg,Crunch Fitness - 81st Street,False,108,10028,2.5
agoyLTYm77Tyxr4OlrAUow,Success Fitness Studio,False,6,10128,5.0
sMvY9ou35h3iMWodRETr0w,Reform Athletics,False,1,10022,5.0
Vc8zN7vXpmmnfw8nTm0FoQ,Sparta Gym,False,7,11590,5.0
x25t8G_7Lo9Wd7Grdn_HEw,Blink Fitness - 125th,False,112,10027,3.0
wxHgdW6pFniwmaLexbjqRw,IG-Fit Health Club,False,6,10003,2.5
sGyIlg7CwXS92KfgcAQ0uA,Blink Fitness - Chelsea,False,125,10001,3.5
-wcJE47R7Bb6Wf3vxConvw,Fitness Factory Gym,False,37,07650,3.0
kjFAVD0Es0Cb1AnrDs3xdA,Brazen Athletics,False,16,07004,5.0
g8KS8BuxUTvrbcKhhsM0jQ,NY Fitness Professionals,False,4,10801,5.0
ojH8c9Icmtwcis4mmFySFA,CompleteBody 19th Street,False,57,10011,3.5
Rd1f7ePc3RBnwMuOFa7WFg,Hit House,False,32,10012,5.0
7Ya-xx6S48baO9wY_-6Nig,Equinox Columbus Circle,False,179,10019,3.0
vvcnhViCOxOTCTWIkHlCuw,Equinox East 54th Street,False,75,10022,3.0
BsioUD624cd4lomKISjjgQ,My Gym,False,13,10028,5.0
yVhL4VYz-icHpnxcF1uvBw,Hardbodyz Fitness,False,14,07044,4.5
OOU3LoxoBOW-4veBHbLVHQ,Equinox West 76th Street,False,104,10024,3.5
OY4d2ox08HLT1Ypjeb4gtg,Body Elite Fitness,False,7,07632,5.0
8YnFKNYTiBa1L-6OVgp5rA,Newport Swim and Fitness Center,False,111,07310,2.5
ikzK9H2Ucvaww-ZzbF5MWw,Eastpointe Health & Fitness,False,8,07716,4.0
9LJLT6Wen_W2LKhPBoGZ-g,New York Sports Clubs,False,71,10011,2.5
a08_N_mr0mw0PNZp4fjCiA,Planet Fitness,False,61,11372,2.0
bncyOPrIT0FxgY0eh63Yfg,E Madison Avenue,False,2,10028,5.0
ENO-VZVtc76TZ2A8U875ng,9Round Kickboxing Fitness,False,5,07071,5.0
dFMoTSi-gRnPeD0ZFBp6Sg,New York Sports Clubs,False,123,07002,2.0
TGNxzvK_iBhuT6DpYaAb8g,Crossfit Prospect Heights,False,4,11238,4.0
zAu8MLscVLEz4nCBSZkldw,Archstone West 54th Gym,False,1,10019,4.0
ZrKVVnC673jLOSJ4_Px5vg,Retro Fitness,False,118,07030,2.5
PnD-Oijaj9oeIii53l6_6w,"Energy Fitness & Performance Center, LLC",False,7,07626,4.5
ENgxn6ZblkqM8FPqwZRH4A,Planet Fitness,False,36,10035,3.0
hCtHf-J-RHhluU0pFnXnXg,Tiger Schulmann's Mixed Martial Arts,False,22,11229,4.5
s3aVTL1dEKe0ccJTR5cJjw,Sweat440,False,6,10011,4.5
MN7fZu27rlUCqpD1611A9A,F45 Training Flatiron,False,46,10011,4.5
dEFQoDcs2SFj17JlK4QS7w,Equinox Bryant Park,False,84,10036,3.0
ovB1R1CZ2fwz3sq9Hi9qfw,Synergy Fitness Clubs,False,150,11106,2.5
PdVL0Zv0lK5lFDPVDOb6Vw,Orangetheory Fitness Middletown,False,17,07748,4.5
L1_X4s-60e-O594VAzfNcQ,Shorefront YM-YWHA,False,5,11235,2.5
XSXEmI__stRD1BraWbZ9Jw,New Dorp Fitness,False,13,10306,3.0
UESe9VrLWUCHcc75315shA,Crunch Fitness - 83rd Street,False,157,10024,3.0
fsQ1OrvOckKOImpVn7ELrQ,New York Sports Clubs,False,134,10012,2.5
FHeb4dYz-LEGtyy--HKexg,Manny Cantor Fitness,False,4,10002,3.0
235RuPbkitqZka9HJJ3evA,Equinox East 44th Street,False,85,10170,3.0
ymWhicwFFC1rafiEKzO7Fw,Refine Method,False,86,10021,4.5
nQ3qq2mMvo-NNepmaCyn5w,d.FIT,False,11,07042,4.5
AUzN5ljn_A4JGckDCjT4MA,Planet Fitness,False,140,10001,3.0
0RErWGshwSTqzlqVs1Gj6w,Kaeos Fitness,False,8,07631,5.0
0zil0OKvw41ZUWJsiHwdQw,CrossFit NYC: The Black Box,False,81,10001,4.5
dotZ-G6DyoxBDOWKulw6RA,CityRow - Union Square,False,236,10011,4.5
A7hy98MBw-jGGgH3vCOy5Q,The Fitness Loft Manhasset,False,34,11030,3.5
Y0fwVKX6dwNBLWWXhL_nTQ,Fitness 19 Malverne,False,32,11565,3.0
-ew5Bt6l26xfNK3yovXfhA,BNL Fitness,False,2,10016,5.0
5ML4jPcpsh5_berWsD1o8A,Sedona Fitness For Women,False,12,11223,2.0
G-kFB3jJ99b2TehMO3Ns6Q,Champion Gym,False,2,07631,5.0
HN1CZrV0zpg5BD2PkSSC6g,New York Sports Clubs,False,281,11103,2.5
3T0Q6Qc13GAAORxwTWFYCQ,The Atlantic Club,False,14,07701,4.0
yXUSl-ivorFbyVSxeMLWKQ,New York Sports Clubs,False,196,11374,2.0
EVDtCDgiau1vw4-wg159TQ,Push Fitness Club - Staten Island,False,24,10310,2.5
_rNAh6lD1sLLMA3NV1Ay2w,D & I Fitness,False,12,07079,5.0
5rVTrASbIR6tFo82xz9OKA,Long Island City Branch YMCA,False,65,11101,3.0
b_VwbVQUawfQwkU7gBWQCA,Remorca Fitness Upper East Side,False,7,10021,4.5
SibccDZOpLKtWk96LyGEHg,Crunch Fitness - 66th Street,False,47,10065,3.5
srwj9K7fp9qp0N_kz5wLVg,Orangetheory Fitness Manhattan - East 39th St,False,21,10158,3.5
1HReDJGVvPKMmRSGI5Dimg,Crunch Fitness - Clifton,False,11,07011,4.0
1DBm773TDxE2sF-H0GCnRg,CBXT,False,3,10005,4.5
NEu7Vy2AYcIIciHhhDqDmw,Extreme Gym,False,11,07110,4.0
E270dkcodgqV7hsQHXBdcA,LaGuardia Athletics & Recreation,False,2,11101,3.5
wprWUa_xXCLnlZHEEY6uyw,Salient Fitness,False,2,10024,5.0
p1su_IbwKC423eLdRybYEw,The Churchill,False,3,10016,5.0
luIWZuaYnL5-ejnRSHOnEw,Forum Fitness Club,False,48,07002,2.0
EevoBJ1QD_zHe_m8PE5Dwg,Orangetheory Fitness Soho,False,6,10012,3.0
R0yzqoVY75miPMudwUSccQ,Anytime Fitness,False,4,07083,4.0
cTAtv6I7PjEtE23Mz1-llQ,CrossFit Outbreak - Williamsburg,False,16,11249,3.5
pFipJBMrNOZiv70dfTkp2w,Equinox East 74th Street,False,88,10021,3.5
sKIvnA2rWrJd7YuOrO8hWA,Cityrow - Upper East Side,False,80,10075,4.5
sX80eNGoAg6vT7b-dSZknA,Verb-Fitness,False,4,10020,5.0
ieBqxLLOaj4Rr4oH_DElXg,We Fit Gym,False,39,07026,4.5
gKEZ2heSD3zQ74fxn2FHbQ,Planet Fitness,False,13,07208,3.5
mYYmcAu3_LPXjwwGV75Oaw,K-Fit Boutique Gym,False,15,11581,5.0
90OAg_iySd0iNqO3q-50WA,McBurney Branch YMCA,False,97,10011,3.5
EiREsUj5yjBZoLDIqh0CbQ,NY Ultimate Fitzone,False,10,11364,4.0
GFwXi_lVhc4wxpcw9Lphtg,Equinox Great Neck,False,52,11023,3.5
jT1jCeKdQulEPuP8OX4p9g,The Process,False,1,10162,5.0
hyrYtkhBiKBT7hNXBL3OYg,Crunch Fitness - Rochdale,False,9,11434,2.5
DgNzznhJnADIALlEINBIdw,Barry's Park Ave South,False,47,10016,4.0
hQr8tF6Cz1KhECQiXOo_yg,Equinox East 53rd Street,False,34,10022,3.0
axewZgsFzfIliGphej1KAQ,LA Fitness,False,34,10302,3.0
NpXLOuyMRsUdzc59RfQByw,Crossfit NYC,False,30,10023,4.0
K3tsCBCSckhbaai7h3ZY3g,Barry's Bootcamp UWS,False,30,10023,3.5
-iA0I_ZcwEZdz7W8PEmJvA,NBI Fitness,False,11,07631,5.0
EPU8c5Ple5drswmvlanSqg,Hoboken Barbell,False,1,07030,5.0
1vJWuQ9Rm4lQq0WL61wdsQ,New York Sports Clubs,False,101,10036,2.0
Mq07XKwyWM-0pCct-7VQqw,Planet Fitness,False,57,07047,3.0
PKnSxFiR55WUA0BKySNnxw,SLT- Hoboken,False,13,07030,4.5
Stq5AaxzUrk4HL_1Q4zxNg,Planet Fitness,False,83,11418,2.5
vmck6SOcK1TNdMLLsW5mXA,New York Sports Clubs,False,97,10016,2.5
cd9BcPyhxJZ1q6zaCCTgaA,Barry's Tribeca,False,101,10013,3.5
y_UeKpbsT9xeUyxy-os0ag,SlowBurn Personal Training Studios,False,5,10024,5.0
2vGAFbX1N0dxbOpDp_T_cA,Plasse Strength & Fitness,False,4,11358,5.0
8rjxuUJ6vJ18csSJ3eyl9w,LHTransformations,False,2,10465,5.0
9S49V3gYuTdBhtm61i11Wg,OPEX Riverdale,False,1,10463,5.0
ZVZKHtsL6G2J3PM3EZK3DQ,Astral Fitness,False,33,10463,4.0
TJWcpTGg5sxjP07p-YE7dQ,305 Fitness,False,16,10028,4.5
qe0BVfK9ab93gsFychvHLg,Hudson Boxing Gym,False,11,10013,5.0
xuSER-owUTIwiGD2ZKdWmg,Anytime Fitness,False,2,07407,5.0
xlmHybG4gTl7w8lCFirl6A,Xtreme Fitness,False,7,11368,2.5
rXjILdOHiBKFlTCpwWTzog,Powerhouse Gym,False,10,07036,3.0
wAWW2Pwc80DTDOEe7KuhkQ,My Gym - Upper East 60th,False,12,10022,5.0
5gWSkw5Ejn_Nv-SwMtWJ8Q,New York Sports Clubs,False,145,11385,2.5
qIUcdFBQdjRLG-FZ6XIXaQ,Equinox East 85th Street,False,91,10028,3.0
1OfDu-6b2wSkt0iN4-VfZA,YMCA of Greater N Y,False,1,10001,5.0
3ulKuV3srv0ef6ZUZi0S2A,Flywheel Sports - Flatiron,False,194,10010,4.0
RbBUaDaqu-_r5Z982E9_8w,US Athletic Training Center,False,20,10022,4.5
sAZ4ASYWxMsen8Bv_ln34Q,Definitions Private Training Gyms,False,5,10022,5.0
fHnrlD6lNo_XkUeUy6HHUA,Fitlife Center,False,1,07024,5.0
QGDO_IpQK2zY0iY_gsiXnw,24 Hour Fitness - Pelham Manor,False,28,10803,3.0
WBDJuTNsi2Rkrcpkuk27XQ,Cheetah Fitness,False,7,10701,5.0
f1qZG9UZXR_AgzA6X-OD8Q,Orangetheory Fitness Astoria,False,23,11106,3.5
sImUk06xdTAbp28DGibagA,Chinatown Branch YMCA,False,48,10002,3.0
hwura2EZY4jiUs-LrSzFnA,CrossFit Hoboken,False,22,07030,4.5
wBsa8WocMrDjv8Gfz3L8og,Pumping Iron Gym,False,2,10302,5.0
yQpqI75mbtcSXp1hwzpPbw,Retro Fitness,False,43,07410,4.0
8wNUYNAHp5U66nD41BLtCQ,Definitions Private Training Gyms,False,12,10003,4.0
ABN8Noqe2ghG_2Vy-_6iVg,New York Sports Clubs,False,111,10023,2.5
nSSnaqGqyxe0jCmuyGp25g,24 Hour Fitness - Springfield Super-Sport,False,9,07081,4.0
ZVztVLEIj0yGZoDwtAK78A,Bootcamp Republic,False,11,10019,4.5
jF27ihV57DmFUL5iE2HIgQ,Your Body Your Machine,False,9,10036,3.5
zd-60fczHrqR2QIj_Mp9sA,SLT E 87,False,2,10128,4.0
x1YE26WfVR8M3QS3iUlvaw,SLT Tread,False,3,10016,4.0
oIVnHmmMWFElhcgPaIf4uQ,Tailwind Endurance,False,9,10023,5.0
DypJfifuqqZW60D9Gt9Gvw,Equinox West 50th Street,False,66,10019,3.0
I5dacFRvqKH9CPZycyUMSg,Synergy Fitness,False,22,11561,2.5
nwVap-N16Xhdj938cAOhJg,Reebok CrossFit 5th Ave,False,32,10018,4.0
Iv_148f38WfGj8Dj7DXUSg,VictoryFit Personal Training and Fitness Center,False,1,07071,5.0
1FaknROANzU18ZM9AkDh8Q,Fhitting Room,False,38,10065,4.0
WNawSG7NIJWaN1QUsYOdRg,The Training Room NYC ,False,53,10028,4.5
5rtvc8EA-bkWKptI1uVRzg,CKO Kickboxing Upper East Side,False,35,10028,5.0
XhZRIL19x3VK8WoJUbll-w,Palladium Athletic Facility,False,34,10003,3.0
9P9py4IviRmqwrdCIxjgFA,Synergy Fitness,False,5,07004,5.0
8bAViTj0gJhYCPeYOdhP4w,Femme,False,21,07601,4.5
AK7LNcGfyaC5a6psl00i5w,World Gym,False,22,11554,2.5
r3MzWubPtqsECGNtgKs68w,Attain Wellness,False,1,07090,5.0
ZTPzI8DpNFZNKKSxM08LGg,HackensackUMC Fitness & Wellness - Powered by the Giants,False,94,07607,3.0
vVE6pQFArPDeps2FhhkVxQ,Mud And Lotus Training Center,False,33,10128,5.0
yPMsZNvvgctgzpjhZJo7yg,iLoveKickboxing- Boerum Hill,False,14,11217,3.0
orXTbNZzY7CIU-wXVvFeYA,UFC GYM East Rutherford,False,12,07073,5.0
iC2hWsXii1c81WaphIb-yA,New York Sports Clubs,False,75,10017,2.5
ku3CmsmQ2a81XcAVc8I1Fw,Planet Fitness,False,117,10027,2.5
N_fjnSwoi9QSN1_i1strtA,Claridge Club,False,2,10128,4.5
EuKG628s61ruVE5mwth1hQ,Surfset New York City,False,39,10003,4.5
uuD-bAM2gYgaB9Rnmq7W9A,Orangetheory Fitness Forest Hills,False,36,11375,2.5
_3l0vtPBvDDNdjJj8fB-FA,Blink Fitness - Valley Stream,False,55,11581,3.0
18pw1QDjmEmWvESqkGRxEQ,MAXFIT 360,False,5,10023,5.0
v1oSEKjF7EQGLQHR-zVPtw,Blink Fitness - 116th,False,91,10026,2.5
cJEEDkTFDIp81uPaJt1QRw,Lucille Roberts- Valley Stream,False,42,11580,3.5
8NyEQFuNg2NCy7zLXnJ8lQ,American Health & Fitness Alliance,False,1,10021,5.0
mnFOgTiQ6UIdoeDC0ldW_Q,Underground Training NJ,False,4,07670,5.0
9UuC7wdMU0N1S6ViAtpuDw,Sheraton New York & Manhattan Health Clubs,False,14,10019,3.0
da76JWrz4ABJVIREYLAePg,Arrival Fitness,False,10,07102,5.0
ErwaZd8Ol6RJDVd84eJriw,Bronxville Fitness Club BFC,False,5,10708,4.0
R0xCQfpK7A_QUltlVxnB_Q,Blink Fitness - Lodi,False,48,07644,4.0
CQ5KaqjOQGkX5D-96m3PyQ,CrossFit SPOT,False,46,10023,4.5
jorGA_GkXhJraCK01Jnz9w,New York Sports Clubs,False,186,10016,3.0
wfDVoP5iIYdSVjbPNPx-XQ,Orangetheory Fitness Bayside,False,17,11361,4.0
dWyhemzwMYCoPTokIeYl9Q,Gold Coast Athletic Fitness,False,1,11545,5.0
CROzmI4b5R09cf-dxpOskg,X-tra Mile Fitness,False,5,07016,5.0
y7okWzhJt-4skkR28gcvkA,Sos Day Spa,False,1,10016,5.0
ScWWom73bLsy7cBZG6IqBQ,VIP Group Fitness,False,8,07010,5.0
TTVWKuqhDnmGHemKIwC7-A,Cyc Fitness Chelsea,False,31,10011,4.0
MQ1q_X33tINr3PyAz2fZbw,Brutalboxx Crossfit Boogiedown,False,4,10453,5.0
I6GRRopcAdx17_SxBlmZjg,Equis Fitness,False,3,10451,5.0
H-H356mzR24YdmK5dILitg,Valencia Fitness Club,False,10,11003,3.5
nql8QA8Y3SqDN6nIshgZog,Mount Vernon Barbell,False,12,10550,4.5
9KcoNSvFDbfi_JToZd3zhw,Vanderbilt Health Club,False,2,10017,3.5
cS2_5lgiI64N05D1g2wf0Q,Crossfit The Rock,False,5,11581,5.0
aJqc1RCKDhW9_nfFmu9HDA,TITLE Boxing Club,False,85,11375,4.5
BGkmeh-zJanuN3xS5ZuHJQ,Tone Fitness,False,6,07003,4.5
kvhoDf6vnOjNAyf9A6SmyQ,ZING Fitness Studios,False,16,07670,5.0
Eh1I4kzNreWG2MGl-RoO7w,Siege Athletics,False,14,11501,4.5
SRsr_IpSIzK7qrzSLd2iGw,Crunch Fitness - Norwood,False,48,10467,3.5
G8W5pW7s7zz7YDvHfjTD2A,RWJ Fitness & Wellness Center,False,20,08857,4.0
YZgkP7bLPWc0kw33VfdCaA,Fitness City,False,6,07747,4.0
DrrKSsC-YEWNYnBPUOcSoA,New York Sports Clubs,False,60,10020,2.0
NuZPMudtnuwERinM58WYIQ,Planet Fitness,False,47,11432,2.5
Jfw7itjMoj-KYobi32Qj4A,Waterside Swim & Health Club,False,5,10010,3.5
l_WzpIrG43wZeGFdKt3F2A,Planet Fitness,False,76,10001,2.0
tiTb2GMRTi2b9UyYPwW7Qg,Meadowlands Area YMCA,False,25,07073,4.0
PLfKlgh8uA2MHO7i7amT_Q,SLT E 67,False,18,10065,3.5
rtZMa739rd-9kdPAikKygA,Nimble Fitness,False,1,10003,3.0
zO1hg_2pzyZLuiPxvZuKFA,NYP Employee Fitness Center,False,4,10032,3.5
Hm7dEmt2I4wj4N8h8GWXxw,Orangetheory Fitness Manhattan - Chelsea,False,87,10011,3.5
6IhiqwZ0BS7Qfom3qrhWiQ,New York Sports Clubs,False,195,10025,2.0
pB--R3gByuXGnyuCbIHyIg,Hanuman Health Club,False,2,10034,5.0
thJk9-OA2IkNKVFFYv9HZg,Total Fitness,False,3,07047,2.5
NiCQdlL_eas60ydmgXmiZw,Manhasset Fitness Center,False,1,11030,5.0
I4SSjE7C-imbsMY1EA-cLA,Quest Fitness,False,44,07604,3.0
nKLhm5HwRPxoHMdNjKetRw,Planet Fitness,False,2,11559,2.0
HGmcOnNA_fq007-zFt_uMg,Underground Gym,False,14,07701,4.0
xlI36coUqWLewIpTVxomJA,Unique Fitness Concepts,False,2,11104,2.5
N2PWl3uJ2ssc5TL_UuDQlg,Orangetheory Midtown West,False,55,10018,3.5
PdpIIgT_5nUa8S-9BZRAsg,Orangetheory Fitness East Meadow,False,21,11554,4.5
cua_Icw1hCxWsU3UbcEawQ,Sky Club Fitness,False,8,07006,4.0
IaEWuUFx-PwuCYkCmpLoTQ,UFC GYM Astoria,False,46,11101,2.5
Q_Q4wv5J_jvN1M1Uyp4thw,908 Athletics - Westfield,False,4,07090,5.0
OFxxcrxAegHU9QrUQv_7rQ,Blink Fitness - East Orange,False,3,07018,4.5
viu7MiSq_98laeBB2O6DGQ,New York Sports Clubs,False,86,10022,2.5
sgn0WJz_vZgVSD9SQevq6A,The Ultimate 4th,False,1,10455,5.0
cP7aVia5GvvSkj9cGNZB8w,New York Sports Clubs,False,117,10027,2.5
JWqcXX5uNO_orP5DzPmMqQ,Orangetheory Fitness - Hewlett,False,5,11557,4.0
kwr4tIo4GJQvnGU2blgnCQ,AE Fitness Montclair,False,3,07043,4.5
Pt4mWhydOBkIoUiX3JLfuQ,Colosseum Gym,False,4,07106,4.5
Y2zrdsSGF3zCs7AQNrViPA,AKT,False,30,10001,4.5
B9tdvF60q478W1_goDRsgQ,D-FINE Fitness,False,2,11507,5.0
VXBYzVEAtDXLIETd2QpJmA,24 Hour Fitness - Englewood Cliffs,False,58,07632,2.5
-evQPpiVJ8DYM-pDoK5Nog,Blink Fitness - Baldwin,False,29,11510,3.5
3WIvJC5_VLrvahOqtqIm-g,Just Fit Training Group,False,4,11357,5.0
rVvXBFXx_bxXBLo0hMOcTg,Escape Fitness NOW,False,2,07410,5.0
oJkozb5fF3hQpjArq-pAXA,NYSC Lab,False,5,10021,4.0
cWsP6OJ3tHxRSpunoNkC3A,Synergy Fitness Club,False,17,11563,2.5
O6jhDqPsgm1o2reoxrnZzw,Orangetheory Fitness Totowa,False,36,07512,4.5
pulrYXVgzbUdSZixHPuZWg,Maxability Sports and CrossFit,False,5,07666,5.0
goySoihp-Hq1WRtl03eqbg,Club Central,False,5,11516,3.0
iSQ6tPBwWNxARTBw8R-wwQ,BodyLine Pilates,False,3,10010,3.5
w429cX9mbhEtMMjtvqUzZA,Equinox Mamaroneck,False,20,10543,3.5
x-9nbPEaHVYz7olwJAyb9w,OrangeTheory,False,1,10038,5.0
R4urCHCHOOE_bSOu99t4Ng,UFC GYM West Shore Plaza,False,15,10314,4.5
9yEdl-53pHaF0QAQyeWp7w,F45 Training Great Neck Plaza,False,3,11021,5.0
qS9c99Atxjuzf7Z4XoAbjA,The SweatShed - 59th St,False,3,10022,2.5
961vyXuvI37WusWCiabx8Q,Krank Systems Training,False,13,07110,4.5
H7bUOp9kPlJk_2GyPN_0OA,World Gym,False,12,07022,2.5
CeYftcwX7ezWRbtsNurqsg,TITLE Boxing Club,False,111,10018,3.5
eZwe2FX8FOX1hbhpUWZP-A,LA PALESTRA,False,3,10270,2.5
9XBRqwbwfyctNtvrQ-5-WA,Concrete Jungle Strength & Conditioning,False,17,10454,5.0
fuEyVZmjYg-PUoren5ssew,F45 Training Bloomfield,False,9,07003,5.0
_tsTbk_5FPqlcDC6iHC0Uw,New York Sports Clubs,False,167,10003,2.0
EGvlTe4LlIgPeJ_u_LhyMA,Max Velocity Fitness,False,7,11361,5.0
bZKstT6nYqpK9SvkDSu-Jg,Rezalution Fitness,False,6,10036,5.0
LkAAeLZa9_QY5UUedTZEtw,BodyLine Pilates,False,2,10305,5.0
0puu5_XsAWYP3IqDsVxK1w,Equinox Sports Club New York,False,98,10023,2.5
1ApJJnvO9og323PAYoXHhQ,Fittletica EMS Fitness,False,1,11235,1.0
qg8jAoTIqNbyvYtV_K-qdg,LA Fitness,False,1,07721,5.0
uxjZ_kGMxxFHdQxONWkrhg,Solidcore Nomad,False,8,10016,4.5
weohV3uRQuO9TfqG8IONlQ,Human Fitness,False,2,11357,5.0
JvFSaSbopX2T4mgiGl0I0A,New York Sports Clubs,False,152,10039,2.0
S50Chk_5Iey9Qpo0dZaC4w,OrangeTheory Fitness,False,25,10003,3.0
zc15jml4zF6exXPbB1B8RA,Orangetheory Fitness Long Island City,False,2,11101,2.0
zXuT79t4E9iM9G7gEw6Qcg,Equinox East 43rd Street,False,42,10175,3.5
YS2ui59F6p4EbGqcrgl67Q,Shogun Fitness,False,16,07644,5.0
2lazCXbyAQxbSjODrlcs3A,Blink Fitness - Concourse Village,False,39,10451,3.5
UakliO4CO0TkFEOAkLduYw,Blink Fitness - Union,False,24,07083,3.5
nw8euLFbRRBYjTODwnf4xg,Tiger Schulmann's Mixed Martial Arts,False,8,11211,2.5
n3AXfZULm3e8J7EALr7gLQ,Tribute Strength - CrossFit Woodland Park,False,13,07424,5.0
kAx9dcDTY8fyrOUi5zyiIw,VarCity Studios,False,1,10011,5.0
qnuUgSONHiP-u0u9U_y_xQ,Absolute Fitness NJ,False,4,08879,5.0
JSJpOi4UqcSTUMufeU2Y2g,Chok Sabai Gym,False,19,10001,4.5
Bu_-wmEI6lpFVQOkl4VM-Q,Synergy Fitness Club,False,34,11510,3.0
xRxpS6CBKaFNkMSW6JneVQ,Flywheel Sports Chelsea,False,50,10011,4.0
hst3k56SmQez6D8N7ijPrQ,East Coast/West Coast Strength Speed Conditioning,False,3,07072,5.0
kGQgU8IelC8DABJQSdIYoQ,Gold's Gym,False,26,07512,3.5
WM-m1vQCMSfu6iDysNaoAQ,Sky Club Fitness & Spa,False,85,07030,2.5
DjON-XXcdn_rxaHYPgJTng,Flywheel Sports - Lincoln Square,False,86,10023,4.5
uirDvB_WLJCjzt9ERg1Tqg,Fit Fusion Interactive,False,1,11771,5.0
Cx5LLF5rj44CfoZYpZ8jGg,Blink Fitness - Nutley,False,19,07110,3.5
CXazF6PjhpyAwlFl0wXMJQ,iLoveKickboxing- Bayside,False,118,11358,4.5
suo0e2gcRyzVEZlSwud-DA,Planet Fitness,False,68,07109,3.0
0xjtdAiLrNDQy08VNtJUdg,Planet Fitness,False,82,10032,2.5
3ebqW4Xfv7HpM7IDGA45aQ,Shibumi Spa,False,17,10013,3.5
UsYM8qeZQV6yUhYu7IIwpA,GoRow Training Studio,False,32,07030,4.5
laog4svVp1mhgqT9lLTKvg,Solidcore W 57th,False,2,10019,4.5
ABNxw66tcgWqr9tA5e8OqA,CrossFit Garden City,False,9,11501,5.0
sYlpFnTkWSR4ILJXwzX7lg,Blink Fitness - Parkchester,False,45,10462,3.5
NAlkekSC4dAXzdTisFE9rw,Life Building Fitness,False,6,07506,5.0
IwtZk7X5s1OEYMVE_25rzg,The Max Challenge Of Five Towns,False,4,11518,5.0
U-eYAtgbZE-MT_nrm-xVDw,Planet Fitness,False,3,07088,4.5
7mue6I-uXwLh7721ZUxieA,LA Fitness,False,137,07094,2.0
HKQHujRFHIPCJCpS0igKJg,Life Time Athletic,False,111,11530,3.5
p0hc297iCE-_QHlKOhaDZA,Crossfit Pop,False,21,10801,5.0
AW-4KnIQ1Bx_O92iZRUriA,Blink Fitness - Linden,False,10,07036,3.5
7CsJrtrKxFN9Vn7tYjZFag,CKO Kickboxing,False,65,07030,3.5
YBGz1Ku4sVoraesj4U6-pQ,Adelante Barbell Club,False,12,07088,5.0
3Z6x9z4CtGxcOBkieyW3Hw,New York Sports Clubs,False,288,11375,2.0
7TO2Fl-r6-sIsoZwtcuKGw,Lynbrook Five Corners Fitness,False,18,11563,3.0
FbDIveb52gLDX6z0rYBQnA,Carnesecca Arena Gym,False,2,11432,5.0
lw9BIZfd1pq2lcdz18q6WA,Bridge Athletics,False,11,07042,5.0
ASdUdi0dBXC_zj-ijQWhuQ,Sky Health NYC,False,6,10016,4.5
CLc8pDTwnckBDJ92wE03_Q,Retro Fitness,False,54,07304,2.5
gBU7RIGrLtMZylgPgA0nhA,Fight Factory,False,9,11223,3.5
-rphqFuHAKO2poZF1RHn1A,Brownings Fitness,False,2,10075,4.0
jaPUTqCUhs57lzPTwe0Pfg,NYC Endurance,False,1,10001,5.0
_mka5qQWt-foiU_hg8HXtQ,Krav Maga Academy,False,159,10001,4.0
3qAEYqeGnPqMuXhDZslh-w,CrossFit Hell's Kitchen,False,71,10018,4.0
ruJcqDh7UXyi3lOMtbWO3Q,Retro Fitness,False,29,07670,3.0
c593-uH9l5ulIszv3n-vJg,Ultimate Gym NYC,False,11,10001,4.0
RDMahdHEZzCmJPVBZkHubg,Westfield Fitness Studio,False,2,07090,5.0
RBpyT6zWV2hxX39OMfLBEQ,skiba's gym,False,1,07008,5.0
mMX6icEigpcvR4JGykAInw,My Gym Jersey City,False,14,07302,4.0
DCQyHjwmr9myHpgcq-4koQ,Club Metro USA,False,44,07070,2.5
ZSGXYXxO6fTWSukBP31Hug,Crunch Fitness - Verona,False,112,07044,3.0
FM5UOirDbxGJkPKiOOr0-w,Intoxx Fitness,False,9,10306,3.0
iEZvicEmxJ-9XfDxvlsrTg,Free Weight Club,False,1,10032,4.0
plDYI36jtD-l4gvKUsksZA,Planet Fitness,False,47,10033,2.5
QpRqRzRJHN9PaYroNzpIHQ,Empire Fitness - CrossFit Elmwood Park,False,4,07407,5.0
dgm8PBvf2qaOgvSdnRrpQg,Team Demarco Fitness,False,2,10467,5.0
3TAtnWVfZbtmRmDVfOyXSQ,Krav Maga Institute,False,43,10007,5.0
10vk8hnepFQndGqRsJ78jg,New York Sports Clubs,False,33,10023,2.5
ZNlIInu9fSVoEGev-mxZ2A,Blink Fitness - Washington Heights,False,48,10033,3.0
Wfv8an6W-Hqr3okC_PD9FQ,GiantBuilt,False,7,07631,4.5
1Y7lcR7LWNsBsiU4T0oTvg,Asphalt Green - Battery Park City,False,42,10282,2.5
hsxqrmuLOvYfoqqP9FjEjQ,Y M C A,False,1,11416,5.0
V4ifsYB_yF8nWYnocmSioA,New York Sports Clubs,False,129,11357,2.0
9W7_iBdGwOrweH78Pax8dA,iLoveKickboxing- Forest Hills,False,29,11374,4.5
vwvaKHhsaWR9CrQfyrBf4g,ESPN Fitness,False,1,11558,5.0
vRDhLLX8Sc2lRX8tGu4oyg,Jackd Fitness,False,10,10309,5.0
Gf8iOwTwxll6BGmtj_uU7g,Retro Fitness,False,12,10456,3.0
nyte1vMstN04JVWUeUTOXA,CrossFit ECF,False,2,07093,5.0
shZDvcPie3qkEPGkyDBGUQ,Gauchos Gym,False,3,10451,4.5
8tb9nEgyMwTYzFx7Nfl2Sg,Nalini Method,False,39,10023,4.5
Jschm28ndERTgpbJa9s01g,Fitness Inc Training Studios,False,6,07027,5.0
QvixoVDvjXqNZGtbb2Yjog,Orangetheory Fitness Hackensack,False,43,07601,4.0
cDCa6ZDxoJ2F8qVJpI9caA,RX30,False,1,10023,5.0
zPyeq6RIN2wXCj8ZJv-0Sw,Prime Fitness Physical Therapy,False,2,11235,3.0
YPbLxRPV5bhASTxNy5uKOA,LA Fitness,False,67,07032,2.0
pakpm_Z0mDIRJqfv0vg1BA,Bally Total Fitness,False,46,10022,2.0
MyzlElH6BmsO5sGzmIhKtw,Body By Berle Personal Training Center,False,12,11365,4.0
tHI6F9tDw1x-Dpvaz7_2TQ,New York Sports Clubs,False,41,11598,2.0
0iA5l-9D0OA3WHMY2y14Fg,Hourglass Workout,False,1,10001,4.0
E4fVPS13uxTa1e4EZ-KvTA,Crossfit Meadowlands,False,10,07072,5.0
0GeLUvgvwEhxjErndYH_5g,NorthEast CrossFit,False,14,10709,5.0
Blal1UyhMXWeVFNgydMpjw,Signature Fitness,False,62,07109,3.0
FQicfBJ_TeSHdb6yQYIanw,RWJ Rahway Fitness & Wellness Center,False,36,07076,3.0
zJw7au1giDvatNb5U_O3aA,Corefire,False,29,07043,5.0
tST-uCQJFPNLmHqLltXyZw,Evolve Fitness Studio,False,7,07041,4.5
xNormhHFBzPdglzXi8pzmg,Thrive Studio NYC,False,3,10021,3.5
q4bpURFSllsmITA5SPXREQ,Blink Fitness - Riverdale,False,39,10463,3.5
Iu5RRd8mib6012YD6HhRGg,Turbo Personal Training & Nutrition,False,16,07006,4.5
gv0yXPEyMF-yzw5B7CoBaQ,Wolfpack Maplewood,False,1,07040,5.0
_SMVf_4QjUiTmYujK5CjpA,Esporta Fitness,False,38,07047,2.0
E0MIC8s4yVO1sqbo7p756w,Link Fitness,False,3,10031,3.5
VS2KsWE0TFrUbXMiec65VQ,WolfPack Fitness,False,1,07032,4.0
o4KzAzDwKgUb-Zd1LFIVhw,GameChanger Fitness - Springfield,False,3,07081,5.0
hqZQtQPGEL_XkxC0JSS8vA,One2one Fitness - Mamaroneck,False,1,10543,5.0
diH81gy-zEnMfs5OwxEFBg,Retro Fitness,False,15,07748,4.0
acMf9YxkMfwGnsWq4hmOHw,Orangetheory Fitness Garden City Park,False,24,11040,4.5
nmAfJhcfwXBlV7GGmPLhuw,Tracy Anderson Method,False,6,10013,3.5
rnLh7lN3DmL564Kd8C8-cg,Heavily Meditated Fitness,False,4,07024,5.0
E1TpAJzI3B31DjiFz9cgGA,Planet Fitness,False,30,10314,3.0
3yJKK_L1S_joFVFYEW6atg,CrossFit Seize the Day,False,9,11570,5.0
-gGhj63r77Ufq9jv7T7B2w,Asphalt Green - Upper East Side,False,123,10128,3.0
RmSRR_FToiN9XF9TrHQCrQ,Tiger Schulmann's Mixed Martial Arts,False,16,11209,4.0
GFNeRtH6wUnjZpG6zWswjw,YM & YWHA of Washington Heights & Inwood,False,2,10040,4.5
7TTjk1Dx01zrSWzK2pRndQ,Healthy Fit,False,19,10543,4.0
rFCPv17eZWaF8SBRuLzF3w,E S Body Fitness Gym,False,3,07601,5.0
nQpOG8zucYBZJcvT9B2r1w,Steve Sweat NYC,False,2,10011,4.0
FuPtJE_jC0u3o9g-O89u6A,CKO Kickboxing Chelsea,False,8,10001,5.0
g73UvHqngLiK2J7ILsCeyw,PRIME Performance & Development,False,1,10538,5.0
xFp1A6raxgG4wWf_tzoJNA,Raw Aesthetic Fitness,False,3,11040,4.0
9IqnWYj4xacCuSRvjPt5eQ,Edge Hoboken,False,4,07030,5.0
UP08jTYX1YA7ZrXBvO2k1Q,Beshar Fitness,False,1,10019,5.0
Nh3GhBa__PEXZyfp5LEIQw,Orangetheory Fitness Manhattan - UWS W 72,False,19,10023,3.0
qgqEeyczRg3JywwSLJtAPg,Fit IV Life,False,1,07009,5.0
3LHV1JOn4XNtwdDDhT5z0Q,Flywheel Sports Upper West Side,False,69,10023,4.5
15UCFjTWSCRdlbUlAzI6XQ,Equinox Roslyn,False,24,11548,3.5
eawNf9PaP2wQ14acGvfmUg,BellaVita,False,22,10011,4.5
XtHDWkgFwn0enuNLKfinDg,Orangetheory Fitness Carle Place,False,35,11514,4.5
J4a6L0aB4Bxf4ny9iWgATQ,FitNation,False,5,11379,2.5
ypWzgxU2ZrVXs8CidV9QWQ,Gridiron,False,4,11501,5.0
OW2QBskmSR0ZqJDCgB6n_Q,The Max Challenge of Woodbridge,False,3,07095,5.0
aNdeGo_j7zuKCTLhNE7WaA,Stretch'd,False,23,10011,4.5
ARQKHbSuVVxCw3EaigFJ-A,Blink Fitness - Paramus,False,92,07652,3.0
wOkccTb9yKVqKS2Fj3Herw,Planet Fitness,False,9,07095,3.0
F6KQJCXyQJ_p9_mslQ_9tw,Planet Fitness,False,34,07022,2.5
s029zSnrxZ53S4rLzNGi1g,Blink Fitness - Queens Village,False,23,11427,2.5
QANekOx291pI575z49k0yA,OnPoint Fitness Studio,False,2,07666,5.0
ExWOgR6RZ4cbM2uxSYAP5A,Secret Formula Fitness,False,8,07205,4.5
HUjg9Zfkgk-Y6LoNSC3R2Q,Crunch Fitness - Garwood,False,73,07027,3.0
mkrQYHw8yL_-PICJCwrw4g,Kt Fitness Club,False,1,11435,5.0
ycqHtU6q9iuYrHBSAzSkRQ,New York Sports Clubs,False,241,10128,2.0
mIGnboCPfRpbwBav-L0JgA,LA Fitness,False,115,07066,2.0
hXOxId0SplrrjGqSp3_6Yg,Planet Fitness,False,14,07102,3.0
fdY7Cus2Lo2nQrUv_M7zCw,West Side Branch YMCA,False,96,10023,3.0
UktxxVrLArE2nxEn3I9Z2g,New York Sports Clubs,False,76,10023,2.5
smjV8mYC_7g0zmX3P5R5Og,Crunch Fitness - North Bergen,False,64,07047,1.5
3tPFnjqDT_AZh7DvE5n0Fw,Power Pack CrossFit,False,2,07716,5.0
42ycmmDFVz002LyZ5UwrnA,Retro Fitness,False,42,10306,2.5
6FYx-ZTE1H3Y3cyrF3f3IQ,New York Sports Clubs,False,49,11572,2.5
Y7zaDKj00jyiEC3jQxsGIg,Mike Peluso Boot Camp,False,1,11552,5.0
sI1IaYR3LQr8tWLUykw9aw,Omni Fitness Center,False,4,11553,5.0
jxfcLovdBv7B4ImelWwgdw,LA Fitness,False,459,11042,2.0
M8Eh1tv7kNIo5FVzsVnGhw,JD Core Training,False,8,07004,5.0
qpqxU-1caz_QQUIuAzxqKw,UFC Gym Mamaroneck,False,17,10543,4.5
HJeDPvjrOuHMyruNPOVXjg,Real Gymm,False,2,07735,5.0
XGajN6SfE5qexd8JnIP4jg,Active Life Fitness,False,3,07027,5.0
WikOQYDr8rbUZcuAwfoDig,CrossFit 516,False,15,11501,5.0
G0U_TBEjr_BfDzrDBAD9OA,Planet Fitness,False,40,10461,3.0
R9KEkeDjk4xQjG_w2PLjew,Normandie Club,False,8,10128,3.5
ED6sW-VHz1IAnzDW4hiA5w,Gravity Training Zone,False,25,07751,4.0
zIW29zjl_gqwj1bmn2iLQQ,YMCA,False,21,10310,3.5
qnT66uX8g53wje4qd3mTjg,New York Athletic Club,False,2,10803,4.5
GWnGku99lIrR73b7GLc09A,Retro Fitness,False,30,07470,3.5
bU3WKckYWhNyPutL-uQbSQ,Flywheel Sports - Midtown East,False,53,10022,4.5
B3iarZ3X53OlQyXbe6mr4A,Executive Fitness Wellness Center,False,12,11372,2.0
Nojbmr_pAXPl8aNE-fH5ew,Retro Fitness,False,44,07033,3.5
s8JJmoLAg7elUcNVSF-1_A,Origins Feel Good Health Spa,False,2,10001,4.5
-D0zhuunj_DEcNQFNuOQLw,Glenpointe Fitness,False,54,07666,3.5
q0ipl8BrPd-Oxc2LzB4qIQ,Orangetheory Fitness Marlboro,False,32,07726,4.0
wikzygbsIzx6kVrsTGDs3Q,SLT Roslyn,False,5,11576,5.0
EYvnObf3yDz8t6FCJTocfw,My Gym,False,14,10027,4.0
GXbasN89YF3Q5pl4MyNuMg,LA Fitness,False,90,10461,2.5
l08XMp4SRfHpq4Wk8hf4vQ,Recreation Center 54,False,17,10022,3.5
rW9OUYN7MwA8y1XU8E7w0A,Addicted to Fitness,False,2,07083,5.0
K6B5VVODkSSPZYWIbieukg,UFC GYM Long Island,False,192,11040,3.0
fSGGx__YfoNWBFzCNm8qIg,Aqua Phit Waterbar & Gym,False,2,07107,4.0
6xuEvehxXWFvd7EGW9p5lg,Harlem Branch YMCA,False,34,10030,3.0
3KH7nHFjbbOORsf5-8A2Zw,Evolution Fitness & Sports Training,False,1,07081,5.0
8wMwplj7ucTpuToJTlkCuQ,iLoveKickboxing - Little Ferry,False,2,07643,5.0
wYLRv2uR3VGvVrydWPv9ug,iLoveKickboxing- Chelsea NYC,False,306,10001,4.5
s7hHl5pp3adnzKXliBI6kg,CKO Kickboxing Newark,False,7,07102,5.0
k-vn9O-wcpndakVOu73aTw,Vibez Studio,False,107,11358,4.5
01WSn0NkKydS8RW-ypX6jA,Xtreme Fitness Corona,False,4,11368,3.0
D4lTHn02OmJr9YX-aLy1fA,Anna Kaiser Studios - Upper East Side,False,60,10028,4.0
gdLwUZxjjNzzyuM1L3cGPg,iLoveKickboxing- Franklin Square,False,23,11010,4.5
QxFzpzauJZCL2twPZ6kxhg,Fast Twitch Saddle Brook,False,3,07663,5.0
tIGIe89qR18KA-20vOfbyw,Retro Fitness,False,89,07052,3.0
AptO1Y8NpRla8nbRK8R67w,Synergy Fitness Clubs,False,122,10128,2.0
F23tOy2wFoNXBwk7re73Qg,Motion Fitness Club,False,18,07041,2.5
iCBepQH_EhOYU4U5PWu1xg,My Gym - New York,False,14,10023,4.0
hGJvUDXCybGcxOV14Sc3Sw,Achieve 24 Fitness,False,25,07407,3.0
4OK-3WO0CjKrFhlY7-GhIA,Killer Body Fitness,False,1,11501,5.0
Y2_RSc2_SkdnKLSENmnDOg,Blink Fitness - Ironbound,False,15,07105,2.5
FU3e_fg9OwBlALhovuuYBw,The Training Station Athletic Clubs,False,13,11050,2.5
bFStNMDhtjHTPZpl5Rhklw,Guerrilla Fitness CrossFit Paramus,False,9,07652,5.0
TE6kmNQTWBfpjSk9W7dlWQ,Blink Fitness - Corona,False,19,11368,2.0
K1kc_Y133xTvfoWwMipLMg,Radical MMA,False,46,10001,5.0
IKhOjkUUffIAjXQ-5cEX7Q,ANiMAL CrossFit,False,8,07071,5.0
3NQh4tro7XQUyvtzwHodEQ,Planet Fitness,False,41,10801,3.0
rqXM2_HHg9jjG48tFCICxA,Club Metro USA,False,38,07083,3.0
ctCLpwtFdhJVAtbMTxBCdg,LA Fitness,False,75,07052,2.5
268lj7nUehEhHKrp9wrJcg,Be1st Fitness,False,5,11590,4.0
4CPltNgfrmShfmr13dvyBg,Phoenyx Fitness,False,11,10001,4.0
gAy40tIZAs5t7ZLk2cmf6g,New York Sports Clubs,False,37,10001,1.5
hzddZ09SBHEY7jif00hjXw,Team Real USA,False,2,10309,5.0
Zu53R9MvKK9FBSJ_NCuomA,Orangetheory Fitness Merrick,False,11,11566,4.0
WRe51S_qB4DcPG6rvLv_3Q,Orangetheory Fitness Port Washington,False,9,11050,4.0
4A21J70M1cL6f2cILus96A,Metro Gym,False,3,10013,2.5
Zl8XPa0IdgJEyAdUsmUavw,Golden Phoenix Crossfit,False,6,07033,5.0
rb52Xd_7n_vsAskUJlQaQQ,Adventure Health & Fitness,False,2,07042,5.0
4rBdrrx1wf6pspamld7QYg,Retro Fitness,False,52,10309,3.5
Hzu5h0CDsa7MoBYE-57EZg,CEA Fitness,False,4,11361,4.0
t8NIO4FJzDIHmpgf4aMfOg,Flushing Branch YMCA,False,48,11354,2.5
IPQb7s_RDnxLhJA5TArhUg,Moise Safra Center,False,1,10028,5.0
4aucJ7-GFRqst0aBCsdcEA,Intoxx Fitness,False,13,10309,3.0
Ks54RVPBj-ARDiMMWriZSA,LA Fitness,False,49,10312,2.0
BGukU2UIBvh53kfn9cPUWg,Blink Fitness - Yonkers,False,63,10704,2.5
mv2jzwGTtnCt3Auh5kC4ig,Planet Fitness,False,19,07730,2.5
Hfj5r2PoHUCkgHnPmujZgg,Empire State Crossfit,False,5,10538,5.0
WQDtzkMPhWivM-sLSWNIyA,Retro Fitness,False,38,07032,2.0
LXc2a2HVQBCuU4vSToNH_w,Jodi's Gym,False,7,10028,4.0
ZkKFEIMjVhFejpe7BOfVPQ,Ritz Plaza Health Club,False,1,10036,3.0
8K0lRwCt1uLKJF2HQBfIkQ,CrossFit Salus,False,6,07701,5.0
tP6u9sVxkdHT7bwLUCpepA,North Shore Fitness,False,8,11554,4.0
2W5r8BERivmmwZPAvLecZQ,Crossfit Caldwell,False,4,07006,5.0
869Fc4ReXg7cUdA_6OExAg,Retro Fitness,False,55,07601,2.5
CNujAn67RSX9RDwtxGebNA,Pilates On Fifth,False,88,10017,4.0
HF-P9XhV97Yb-U0fFSDcpw,24 Hour Fitness - Paramus,False,164,07652,2.5
0FwVBA9zTnLZO72vjWEihA,One Life Fitness & Nutrition,False,7,11542,4.5
3m5kIjfK5D2vDyixfawrCQ,New York Sports Clubs,False,98,10024,2.0
AmCMoq00YeKNtJkivojfCQ,Something Physical,False,2,11024,5.0
qI2_gqEih2Zz2r9uCpqv5A,Columbia University Dodge Fitness Center,False,46,10027,2.0
bKLWswqzUfky7yVGR5szvg,Glen Cove Fitness,False,4,11542,2.5
MCs6A4ioX5GO-HMrxkQ5uQ,Next Step Health and Fitness,False,1,11364,5.0
1SZP6CfjGeK97qNLr28Tuw,Planet Fitness,False,3,07748,4.0
tt_Zk27UWpWpoGc8_zd5kw,Evolution Fitness,False,16,07105,2.0
kSJ2JQcipday1HKqQKzI_A,CrossFit Anti-Average,False,1,10466,5.0
jUsV4UQ2KVjtOczbhxrmtw,New York Self Defense Academy,False,10,11367,5.0
iXKC79jRlJQlO---5UBxAg,South Amboy YMCA,False,4,08879,5.0
c9gmVKjbi7eYV-iVP0UvJQ,La Palestra,False,3,10023,2.5
YVIHRnfY5hNJDhUf-AizhA,I Am Fitness,False,4,07748,3.0
Y2yWXvdqjC_9RaNjaS47aQ,My Gym,False,30,11366,3.5
aVeTcMOgojOFsFcaB_ISSw,Snap Fitness,False,1,07082,4.0
CTo-sJbPLkRt7mYfBDzagA,Crossfit 103,False,6,10309,4.5
8_0yCfMlaXcFiLRlEisDhw,Powerhouse Gym - Bloomfield,False,30,07003,2.0
CnY_KPqSuKIFCZHsQDRG6g,iLoveKickboxing- Harlem,False,92,10026,3.5
l9LVI1tQydwIyJpo71pkNg,LA Fitness,False,48,07733,2.0
OQ_-pz1Bt0HHm8DERNYnnw,CrossFit Sanctuary,False,5,11042,5.0
EVuYyfUJPzu_RZgtyiav1w,The Anvil Fitness and Performance,False,4,07410,4.0
bwQQUIuVkks8KoRpPD0GKA,Retro Fitness,False,41,07066,3.0
xqxlScbjbVGuKgqneDnDTw,Sportset Health & Fitness Club,False,17,11570,3.0
4_qKujsrCPfgIYiIHZHBzA,CrossFit Maelstrom,False,5,07081,5.0
pyroIsec-lHi9ZgSN2ucwA,Gold's Gym,False,68,07608,2.5
bXvaZ01u7R1BgGkTzPO4SQ,Blink Fitness - Irvington,False,3,07111,3.5
LO7REYdxhp4VPYPnhrbqDw,Planet Fitness,False,33,07470,3.0
2tSG8mZsi7GGZkFOXN8Xzw,X-Fit Boxing,False,9,07083,5.0
T7xNmf861GkAbMdSNB88-Q,Blink Fitness - South Orange,False,15,07079,3.0
lUp3uIYdCK78mxgf8w1r5w,King's Court Health & Sports Club,False,59,07071,3.0
pijkzTwccWclTo_TR4ZbdA,Life Time 23rd Street,False,2,10010,3.0
LjHZbq6uC6WeOEvMJv_lqQ,No Body Denied Fitness,False,94,07081,2.5
kqCvhu-hObk5zFwYI2qsiw,Inform Fitness,False,1,11050,5.0
AS1eU6YL0Lz0SXWxyKvCYg,RWJ Rahway Fitness & Wellness Center,False,19,07008,2.5
UtLwD6nBdab6_p3zKXyKlw,Guerrilla Fitness,False,8,07042,4.0
i9SalyY9XvnNazwOwlYL-g,Planet Fitness,False,16,10459,3.0
_vW6n2oOL07SWFdskn7UvA,Retro Fitness,False,60,07004,3.5
7_7ThuV8-J7JhwXc4I8Ysg,Lurie Fit,False,3,11518,5.0
